simulation_number,year,DoY,ShortIn,LongIn,HemisOutShort,HemisOutLong,Lo,Lot,Lote
#,,,W m-2,W m-2,W m-2,W m-2,W m-2 sr-1,W m-2 sr-1,W m-2 sr-1
1,0,0,600,300,1.131537e+02,4.275237e+02,3.352816e+01,5.867255e-01,1.358682e+02
2,0,0,600,300,1.066731e+02,4.277286e+02,3.194844e+01,5.867264e-01,1.358175e+02
3,0,0,600,300,1.037005e+02,4.278310e+02,3.123007e+01,5.867268e-01,1.357951e+02
4,0,0,600,300,1.019301e+02,4.278933e+02,3.080319e+01,5.867270e-01,1.357817e+02
5,0,0,600,300,1.131537e+02,4.275237e+02,3.352816e+01,5.867255e-01,1.358682e+02
6,0,0,600,300,1.066731e+02,4.277286e+02,3.194844e+01,5.867264e-01,1.358175e+02
7,0,0,600,300,1.037005e+02,4.278310e+02,3.123007e+01,5.867268e-01,1.357951e+02
8,0,0,600,300,1.019301e+02,4.278933e+02,3.080319e+01,5.867270e-01,1.357817e+02
9,0,0,600,300,1.131537e+02,4.275237e+02,3.352816e+01,5.867255e-01,1.358682e+02
10,0,0,600,300,1.066731e+02,4.277286e+02,3.194844e+01,5.867264e-01,1.358175e+02
11,0,0,600,300,1.037005e+02,4.278310e+02,3.123007e+01,5.867268e-01,1.357951e+02
12,0,0,600,300,1.019301e+02,4.278933e+02,3.080319e+01,5.867270e-01,1.357817e+02
13,0,0,600,300,1.131537e+02,4.275237e+02,3.352816e+01,5.867255e-01,1.358682e+02
14,0,0,600,300,1.066731e+02,4.277286e+02,3.194844e+01,5.867264e-01,1.358175e+02
15,0,0,600,300,1.037005e+02,4.278310e+02,3.123007e+01,5.867268e-01,1.357951e+02
16,0,0,600,300,1.019301e+02,4.278933e+02,3.080319e+01,5.867270e-01,1.357817e+02
17,0,0,600,300,1.131537e+02,4.275237e+02,3.352816e+01,5.867255e-01,1.358682e+02
18,0,0,600,300,1.066731e+02,4.277286e+02,3.194844e+01,5.867264e-01,1.358175e+02
19,0,0,600,300,1.037005e+02,4.278310e+02,3.123007e+01,5.867268e-01,1.357951e+02
20,0,0,600,300,1.019301e+02,4.278933e+02,3.080319e+01,5.867270e-01,1.357817e+02
21,0,0,600,300,1.131537e+02,4.275237e+02,3.352816e+01,5.867255e-01,1.358682e+02
22,0,0,600,300,1.066731e+02,4.277286e+02,3.194844e+01,5.867264e-01,1.358175e+02
23,0,0,600,300,1.037005e+02,4.278310e+02,3.123007e+01,5.867268e-01,1.357951e+02
24,0,0,600,300,1.019301e+02,4.278933e+02,3.080319e+01,5.867270e-01,1.357817e+02
25,0,0,600,300,1.131537e+02,4.275237e+02,3.352816e+01,5.867255e-01,1.358682e+02
26,0,0,600,300,1.066731e+02,4.277286e+02,3.194844e+01,5.867264e-01,1.358175e+02
27,0,0,600,300,1.037005e+02,4.278310e+02,3.123007e+01,5.867268e-01,1.357951e+02
28,0,0,600,300,1.019301e+02,4.278933e+02,3.080319e+01,5.867270e-01,1.357817e+02
29,0,0,600,300,1.186644e+02,4.253470e+02,3.468212e+01,3.378702e-01,1.358984e+02
30,0,0,600,300,1.117557e+02,4.257723e+02,3.285540e+01,3.378706e-01,1.359348e+02
31,0,0,600,300,1.085654e+02,4.259831e+02,3.201834e+01,3.378708e-01,1.359538e+02
32,0,0,600,300,1.066492e+02,4.261105e+02,3.151571e+01,3.378709e-01,1.359645e+02
33,0,0,600,300,1.186644e+02,4.253470e+02,3.468212e+01,3.378702e-01,1.358984e+02
34,0,0,600,300,1.117557e+02,4.257723e+02,3.285540e+01,3.378706e-01,1.359348e+02
35,0,0,600,300,1.085654e+02,4.259831e+02,3.201834e+01,3.378708e-01,1.359538e+02
36,0,0,600,300,1.066492e+02,4.261105e+02,3.151571e+01,3.378709e-01,1.359645e+02
37,0,0,600,300,1.186644e+02,4.253470e+02,3.468212e+01,3.378702e-01,1.358984e+02
38,0,0,600,300,1.117557e+02,4.257723e+02,3.285540e+01,3.378706e-01,1.359348e+02
39,0,0,600,300,1.085654e+02,4.259831e+02,3.201834e+01,3.378708e-01,1.359538e+02
40,0,0,600,300,1.066492e+02,4.261105e+02,3.151571e+01,3.378709e-01,1.359645e+02
41,0,0,600,300,1.186644e+02,4.253470e+02,3.468212e+01,3.378702e-01,1.358984e+02
42,0,0,600,300,1.117557e+02,4.257723e+02,3.285540e+01,3.378706e-01,1.359348e+02
43,0,0,600,300,1.085654e+02,4.259831e+02,3.201834e+01,3.378708e-01,1.359538e+02
44,0,0,600,300,1.066492e+02,4.261105e+02,3.151571e+01,3.378709e-01,1.359645e+02
45,0,0,600,300,1.186644e+02,4.253470e+02,3.468212e+01,3.378702e-01,1.358984e+02
46,0,0,600,300,1.117557e+02,4.257723e+02,3.285540e+01,3.378706e-01,1.359348e+02
47,0,0,600,300,1.085654e+02,4.259831e+02,3.201834e+01,3.378708e-01,1.359538e+02
48,0,0,600,300,1.066492e+02,4.261105e+02,3.151571e+01,3.378709e-01,1.359645e+02
49,0,0,600,300,1.186644e+02,4.253470e+02,3.468212e+01,3.378702e-01,1.358984e+02
50,0,0,600,300,1.117557e+02,4.257723e+02,3.285540e+01,3.378706e-01,1.359348e+02
51,0,0,600,300,1.085654e+02,4.259831e+02,3.201834e+01,3.378708e-01,1.359538e+02
52,0,0,600,300,1.066492e+02,4.261105e+02,3.151571e+01,3.378709e-01,1.359645e+02
53,0,0,600,300,1.186644e+02,4.253470e+02,3.468212e+01,3.378702e-01,1.358984e+02
54,0,0,600,300,1.117557e+02,4.257723e+02,3.285540e+01,3.378706e-01,1.359348e+02
55,0,0,600,300,1.085654e+02,4.259831e+02,3.201834e+01,3.378708e-01,1.359538e+02
56,0,0,600,300,1.066492e+02,4.261105e+02,3.151571e+01,3.378709e-01,1.359645e+02
57,0,0,600,300,1.210420e+02,4.265079e+02,3.600683e+01,3.253627e-01,1.361914e+02
58,0,0,600,300,1.140361e+02,4.270490e+02,3.409472e+01,3.253630e-01,1.362866e+02
59,0,0,600,300,1.107920e+02,4.273193e+02,3.321484e+01,3.253631e-01,1.363347e+02
60,0,0,600,300,1.088395e+02,4.274830e+02,3.268498e+01,3.253632e-01,1.363632e+02
61,0,0,600,300,1.210420e+02,4.265079e+02,3.600683e+01,3.253627e-01,1.361914e+02
62,0,0,600,300,1.140361e+02,4.270490e+02,3.409472e+01,3.253630e-01,1.362866e+02
63,0,0,600,300,1.107920e+02,4.273193e+02,3.321484e+01,3.253631e-01,1.363347e+02
64,0,0,600,300,1.088395e+02,4.274830e+02,3.268498e+01,3.253632e-01,1.363632e+02
65,0,0,600,300,1.210420e+02,4.265079e+02,3.600683e+01,3.253627e-01,1.361914e+02
66,0,0,600,300,1.140361e+02,4.270490e+02,3.409472e+01,3.253630e-01,1.362866e+02
67,0,0,600,300,1.107920e+02,4.273193e+02,3.321484e+01,3.253631e-01,1.363347e+02
68,0,0,600,300,1.088395e+02,4.274830e+02,3.268498e+01,3.253632e-01,1.363632e+02
69,0,0,600,300,1.210420e+02,4.265079e+02,3.600683e+01,3.253627e-01,1.361914e+02
70,0,0,600,300,1.140361e+02,4.270490e+02,3.409472e+01,3.253630e-01,1.362866e+02
71,0,0,600,300,1.107920e+02,4.273193e+02,3.321484e+01,3.253631e-01,1.363347e+02
72,0,0,600,300,1.088395e+02,4.274830e+02,3.268498e+01,3.253632e-01,1.363632e+02
73,0,0,600,300,1.210420e+02,4.265079e+02,3.600683e+01,3.253627e-01,1.361914e+02
74,0,0,600,300,1.140361e+02,4.270490e+02,3.409472e+01,3.253630e-01,1.362866e+02
75,0,0,600,300,1.107920e+02,4.273193e+02,3.321484e+01,3.253631e-01,1.363347e+02
76,0,0,600,300,1.088395e+02,4.274830e+02,3.268498e+01,3.253632e-01,1.363632e+02
77,0,0,600,300,1.210420e+02,4.265079e+02,3.600683e+01,3.253627e-01,1.361914e+02
78,0,0,600,300,1.140361e+02,4.270490e+02,3.409472e+01,3.253630e-01,1.362866e+02
79,0,0,600,300,1.107920e+02,4.273193e+02,3.321484e+01,3.253631e-01,1.363347e+02
80,0,0,600,300,1.088395e+02,4.274830e+02,3.268498e+01,3.253632e-01,1.363632e+02
81,0,0,600,300,1.210420e+02,4.265079e+02,3.600683e+01,3.253627e-01,1.361914e+02
82,0,0,600,300,1.140361e+02,4.270490e+02,3.409472e+01,3.253630e-01,1.362866e+02
83,0,0,600,300,1.107920e+02,4.273193e+02,3.321484e+01,3.253631e-01,1.363347e+02
84,0,0,600,300,1.088395e+02,4.274830e+02,3.268498e+01,3.253632e-01,1.363632e+02
85,0,0,600,300,1.217714e+02,4.281997e+02,3.680304e+01,3.248384e-01,1.364811e+02
86,0,0,600,300,1.147380e+02,4.288217e+02,3.484829e+01,3.248387e-01,1.366085e+02
87,0,0,600,300,1.114790e+02,4.291341e+02,3.394776e+01,3.248389e-01,1.366733e+02
88,0,0,600,300,1.095168e+02,4.293236e+02,3.340531e+01,3.248390e-01,1.367124e+02
89,0,0,600,300,1.217714e+02,4.281997e+02,3.680304e+01,3.248384e-01,1.364811e+02
90,0,0,600,300,1.147380e+02,4.288217e+02,3.484829e+01,3.248387e-01,1.366085e+02
91,0,0,600,300,1.114790e+02,4.291341e+02,3.394776e+01,3.248389e-01,1.366733e+02
92,0,0,600,300,1.095168e+02,4.293236e+02,3.340531e+01,3.248390e-01,1.367124e+02
93,0,0,600,300,1.217714e+02,4.281997e+02,3.680304e+01,3.248384e-01,1.364811e+02
94,0,0,600,300,1.147380e+02,4.288217e+02,3.484829e+01,3.248387e-01,1.366085e+02
95,0,0,600,300,1.114790e+02,4.291341e+02,3.394776e+01,3.248389e-01,1.366733e+02
96,0,0,600,300,1.095168e+02,4.293236e+02,3.340531e+01,3.248390e-01,1.367124e+02
97,0,0,600,300,1.217714e+02,4.281997e+02,3.680304e+01,3.248384e-01,1.364811e+02
98,0,0,600,300,1.147380e+02,4.288217e+02,3.484829e+01,3.248387e-01,1.366085e+02
99,0,0,600,300,1.114790e+02,4.291341e+02,3.394776e+01,3.248389e-01,1.366733e+02
100,0,0,600,300,1.095168e+02,4.293236e+02,3.340531e+01,3.248390e-01,1.367124e+02
101,0,0,600,300,1.217714e+02,4.281997e+02,3.680304e+01,3.248384e-01,1.364811e+02
102,0,0,600,300,1.147380e+02,4.288217e+02,3.484829e+01,3.248387e-01,1.366085e+02
103,0,0,600,300,1.114790e+02,4.291341e+02,3.394776e+01,3.248389e-01,1.366733e+02
104,0,0,600,300,1.095168e+02,4.293236e+02,3.340531e+01,3.248390e-01,1.367124e+02
105,0,0,600,300,1.217714e+02,4.281997e+02,3.680304e+01,3.248384e-01,1.364811e+02
106,0,0,600,300,1.147380e+02,4.288217e+02,3.484829e+01,3.248387e-01,1.366085e+02
107,0,0,600,300,1.114790e+02,4.291341e+02,3.394776e+01,3.248389e-01,1.366733e+02
108,0,0,600,300,1.095168e+02,4.293236e+02,3.340531e+01,3.248390e-01,1.367124e+02
109,0,0,600,300,1.217714e+02,4.281997e+02,3.680304e+01,3.248384e-01,1.364811e+02
110,0,0,600,300,1.147380e+02,4.288217e+02,3.484829e+01,3.248387e-01,1.366085e+02
111,0,0,600,300,1.114790e+02,4.291341e+02,3.394776e+01,3.248389e-01,1.366733e+02
112,0,0,600,300,1.095168e+02,4.293236e+02,3.340531e+01,3.248390e-01,1.367124e+02
113,0,0,600,300,1.142716e+02,4.275464e+02,3.332831e+01,5.860288e-01,1.357570e+02
114,0,0,600,300,1.077188e+02,4.277580e+02,3.175040e+01,5.860297e-01,1.357061e+02
115,0,0,600,300,1.047123e+02,4.278633e+02,3.103279e+01,5.860301e-01,1.356836e+02
116,0,0,600,300,1.029216e+02,4.279272e+02,3.060623e+01,5.860303e-01,1.356701e+02
117,0,0,600,300,1.142716e+02,4.275464e+02,3.332831e+01,5.860288e-01,1.357570e+02
118,0,0,600,300,1.077188e+02,4.277580e+02,3.175040e+01,5.860297e-01,1.357061e+02
119,0,0,600,300,1.047123e+02,4.278633e+02,3.103279e+01,5.860301e-01,1.356836e+02
120,0,0,600,300,1.029216e+02,4.279272e+02,3.060623e+01,5.860303e-01,1.356701e+02
121,0,0,600,300,1.142716e+02,4.275464e+02,3.332831e+01,5.860288e-01,1.357570e+02
122,0,0,600,300,1.077188e+02,4.277580e+02,3.175040e+01,5.860297e-01,1.357061e+02
123,0,0,600,300,1.047123e+02,4.278633e+02,3.103279e+01,5.860301e-01,1.356836e+02
124,0,0,600,300,1.029216e+02,4.279272e+02,3.060623e+01,5.860303e-01,1.356701e+02
125,0,0,600,300,1.142716e+02,4.275464e+02,3.332831e+01,5.860288e-01,1.357570e+02
126,0,0,600,300,1.077188e+02,4.277580e+02,3.175040e+01,5.860297e-01,1.357061e+02
127,0,0,600,300,1.047123e+02,4.278633e+02,3.103279e+01,5.860301e-01,1.356836e+02
128,0,0,600,300,1.029216e+02,4.279272e+02,3.060623e+01,5.860303e-01,1.356701e+02
129,0,0,600,300,1.142716e+02,4.275464e+02,3.332831e+01,5.860288e-01,1.357570e+02
130,0,0,600,300,1.077188e+02,4.277580e+02,3.175040e+01,5.860297e-01,1.357061e+02
131,0,0,600,300,1.047123e+02,4.278633e+02,3.103279e+01,5.860301e-01,1.356836e+02
132,0,0,600,300,1.029216e+02,4.279272e+02,3.060623e+01,5.860303e-01,1.356701e+02
133,0,0,600,300,1.142716e+02,4.275464e+02,3.332831e+01,5.860288e-01,1.357570e+02
134,0,0,600,300,1.077188e+02,4.277580e+02,3.175040e+01,5.860297e-01,1.357061e+02
135,0,0,600,300,1.047123e+02,4.278633e+02,3.103279e+01,5.860301e-01,1.356836e+02
136,0,0,600,300,1.029216e+02,4.279272e+02,3.060623e+01,5.860303e-01,1.356701e+02
137,0,0,600,300,1.142716e+02,4.275464e+02,3.332831e+01,5.860288e-01,1.357570e+02
138,0,0,600,300,1.077188e+02,4.277580e+02,3.175040e+01,5.860297e-01,1.357061e+02
139,0,0,600,300,1.047123e+02,4.278633e+02,3.103279e+01,5.860301e-01,1.356836e+02
140,0,0,600,300,1.029216e+02,4.279272e+02,3.060623e+01,5.860303e-01,1.356701e+02
141,0,0,600,300,1.199702e+02,4.255465e+02,3.447957e+01,3.375747e-01,1.358411e+02
142,0,0,600,300,1.129880e+02,4.259865e+02,3.266252e+01,3.375750e-01,1.358790e+02
143,0,0,600,300,1.097632e+02,4.262037e+02,3.182973e+01,3.375752e-01,1.358984e+02
144,0,0,600,300,1.078261e+02,4.263347e+02,3.132944e+01,3.375753e-01,1.359093e+02
145,0,0,600,300,1.199702e+02,4.255465e+02,3.447957e+01,3.375747e-01,1.358411e+02
146,0,0,600,300,1.129880e+02,4.259865e+02,3.266252e+01,3.375750e-01,1.358790e+02
147,0,0,600,300,1.097632e+02,4.262037e+02,3.182973e+01,3.375752e-01,1.358984e+02
148,0,0,600,300,1.078261e+02,4.263347e+02,3.132944e+01,3.375753e-01,1.359093e+02
149,0,0,600,300,1.199702e+02,4.255465e+02,3.447957e+01,3.375747e-01,1.358411e+02
150,0,0,600,300,1.129880e+02,4.259865e+02,3.266252e+01,3.375750e-01,1.358790e+02
151,0,0,600,300,1.097632e+02,4.262037e+02,3.182973e+01,3.375752e-01,1.358984e+02
152,0,0,600,300,1.078261e+02,4.263347e+02,3.132944e+01,3.375753e-01,1.359093e+02
153,0,0,600,300,1.199702e+02,4.255465e+02,3.447957e+01,3.375747e-01,1.358411e+02
154,0,0,600,300,1.129880e+02,4.259865e+02,3.266252e+01,3.375750e-01,1.358790e+02
155,0,0,600,300,1.097632e+02,4.262037e+02,3.182973e+01,3.375752e-01,1.358984e+02
156,0,0,600,300,1.078261e+02,4.263347e+02,3.132944e+01,3.375753e-01,1.359093e+02
157,0,0,600,300,1.199702e+02,4.255465e+02,3.447957e+01,3.375747e-01,1.358411e+02
158,0,0,600,300,1.129880e+02,4.259865e+02,3.266252e+01,3.375750e-01,1.358790e+02
159,0,0,600,300,1.097632e+02,4.262037e+02,3.182973e+01,3.375752e-01,1.358984e+02
160,0,0,600,300,1.078261e+02,4.263347e+02,3.132944e+01,3.375753e-01,1.359093e+02
161,0,0,600,300,1.199702e+02,4.255465e+02,3.447957e+01,3.375747e-01,1.358411e+02
162,0,0,600,300,1.129880e+02,4.259865e+02,3.266252e+01,3.375750e-01,1.358790e+02
163,0,0,600,300,1.097632e+02,4.262037e+02,3.182973e+01,3.375752e-01,1.358984e+02
164,0,0,600,300,1.078261e+02,4.263347e+02,3.132944e+01,3.375753e-01,1.359093e+02
165,0,0,600,300,1.199702e+02,4.255465e+02,3.447957e+01,3.375747e-01,1.358411e+02
166,0,0,600,300,1.129880e+02,4.259865e+02,3.266252e+01,3.375750e-01,1.358790e+02
167,0,0,600,300,1.097632e+02,4.262037e+02,3.182973e+01,3.375752e-01,1.358984e+02
168,0,0,600,300,1.078261e+02,4.263347e+02,3.132944e+01,3.375753e-01,1.359093e+02
169,0,0,600,300,1.223478e+02,4.268029e+02,3.576260e+01,3.251689e-01,1.361789e+02
170,0,0,600,300,1.152691e+02,4.273638e+02,3.386467e+01,3.251693e-01,1.362761e+02
171,0,0,600,300,1.119909e+02,4.276427e+02,3.299114e+01,3.251694e-01,1.363248e+02
172,0,0,600,300,1.100178e+02,4.278115e+02,3.246485e+01,3.251695e-01,1.363535e+02
173,0,0,600,300,1.223478e+02,4.268029e+02,3.576260e+01,3.251689e-01,1.361789e+02
174,0,0,600,300,1.152691e+02,4.273638e+02,3.386467e+01,3.251693e-01,1.362761e+02
175,0,0,600,300,1.119909e+02,4.276427e+02,3.299114e+01,3.251694e-01,1.363248e+02
176,0,0,600,300,1.100178e+02,4.278115e+02,3.246485e+01,3.251695e-01,1.363535e+02
177,0,0,600,300,1.223478e+02,4.268029e+02,3.576260e+01,3.251689e-01,1.361789e+02
178,0,0,600,300,1.152691e+02,4.273638e+02,3.386467e+01,3.251693e-01,1.362761e+02
179,0,0,600,300,1.119909e+02,4.276427e+02,3.299114e+01,3.251694e-01,1.363248e+02
180,0,0,600,300,1.100178e+02,4.278115e+02,3.246485e+01,3.251695e-01,1.363535e+02
181,0,0,600,300,1.223478e+02,4.268029e+02,3.576260e+01,3.251689e-01,1.361789e+02
182,0,0,600,300,1.152691e+02,4.273638e+02,3.386467e+01,3.251693e-01,1.362761e+02
183,0,0,600,300,1.119909e+02,4.276427e+02,3.299114e+01,3.251694e-01,1.363248e+02
184,0,0,600,300,1.100178e+02,4.278115e+02,3.246485e+01,3.251695e-01,1.363535e+02
185,0,0,600,300,1.223478e+02,4.268029e+02,3.576260e+01,3.251689e-01,1.361789e+02
186,0,0,600,300,1.152691e+02,4.273638e+02,3.386467e+01,3.251693e-01,1.362761e+02
187,0,0,600,300,1.119909e+02,4.276427e+02,3.299114e+01,3.251694e-01,1.363248e+02
188,0,0,600,300,1.100178e+02,4.278115e+02,3.246485e+01,3.251695e-01,1.363535e+02
189,0,0,600,300,1.223478e+02,4.268029e+02,3.576260e+01,3.251689e-01,1.361789e+02
190,0,0,600,300,1.152691e+02,4.273638e+02,3.386467e+01,3.251693e-01,1.362761e+02
191,0,0,600,300,1.119909e+02,4.276427e+02,3.299114e+01,3.251694e-01,1.363248e+02
192,0,0,600,300,1.100178e+02,4.278115e+02,3.246485e+01,3.251695e-01,1.363535e+02
193,0,0,600,300,1.223478e+02,4.268029e+02,3.576260e+01,3.251689e-01,1.361789e+02
194,0,0,600,300,1.152691e+02,4.273638e+02,3.386467e+01,3.251693e-01,1.362761e+02
195,0,0,600,300,1.119909e+02,4.276427e+02,3.299114e+01,3.251694e-01,1.363248e+02
196,0,0,600,300,1.100178e+02,4.278115e+02,3.246485e+01,3.251695e-01,1.363535e+02
197,0,0,600,300,1.230660e+02,4.285589e+02,3.651489e+01,3.246502e-01,1.364934e+02
198,0,0,600,300,1.159605e+02,4.292048e+02,3.457721e+01,3.246506e-01,1.366230e+02
199,0,0,600,300,1.126676e+02,4.295277e+02,3.368435e+01,3.246507e-01,1.366886e+02
200,0,0,600,300,1.106850e+02,4.297233e+02,3.314625e+01,3.246508e-01,1.367278e+02
201,0,0,600,300,1.230660e+02,4.285589e+02,3.651489e+01,3.246502e-01,1.364934e+02
202,0,0,600,300,1.159605e+02,4.292048e+02,3.457721e+01,3.246506e-01,1.366230e+02
203,0,0,600,300,1.126676e+02,4.295277e+02,3.368435e+01,3.246507e-01,1.366886e+02
204,0,0,600,300,1.106850e+02,4.297233e+02,3.314625e+01,3.246508e-01,1.367278e+02
205,0,0,600,300,1.230660e+02,4.285589e+02,3.651489e+01,3.246502e-01,1.364934e+02
206,0,0,600,300,1.159605e+02,4.292048e+02,3.457721e+01,3.246506e-01,1.366230e+02
207,0,0,600,300,1.126676e+02,4.295277e+02,3.368435e+01,3.246507e-01,1.366886e+02
208,0,0,600,300,1.106850e+02,4.297233e+02,3.314625e+01,3.246508e-01,1.367278e+02
209,0,0,600,300,1.230660e+02,4.285589e+02,3.651489e+01,3.246502e-01,1.364934e+02
210,0,0,600,300,1.159605e+02,4.292048e+02,3.457721e+01,3.246506e-01,1.366230e+02
211,0,0,600,300,1.126676e+02,4.295277e+02,3.368435e+01,3.246507e-01,1.366886e+02
212,0,0,600,300,1.106850e+02,4.297233e+02,3.314625e+01,3.246508e-01,1.367278e+02
213,0,0,600,300,1.230660e+02,4.285589e+02,3.651489e+01,3.246502e-01,1.364934e+02
214,0,0,600,300,1.159605e+02,4.292048e+02,3.457721e+01,3.246506e-01,1.366230e+02
215,0,0,600,300,1.126676e+02,4.295277e+02,3.368435e+01,3.246507e-01,1.366886e+02
216,0,0,600,300,1.106850e+02,4.297233e+02,3.314625e+01,3.246508e-01,1.367278e+02
217,0,0,600,300,1.230660e+02,4.285589e+02,3.651489e+01,3.246502e-01,1.364934e+02
218,0,0,600,300,1.159605e+02,4.292048e+02,3.457721e+01,3.246506e-01,1.366230e+02
219,0,0,600,300,1.126676e+02,4.295277e+02,3.368435e+01,3.246507e-01,1.366886e+02
220,0,0,600,300,1.106850e+02,4.297233e+02,3.314625e+01,3.246508e-01,1.367278e+02
221,0,0,600,300,1.230660e+02,4.285589e+02,3.651489e+01,3.246502e-01,1.364934e+02
222,0,0,600,300,1.159605e+02,4.292048e+02,3.457721e+01,3.246506e-01,1.366230e+02
223,0,0,600,300,1.126676e+02,4.295277e+02,3.368435e+01,3.246507e-01,1.366886e+02
224,0,0,600,300,1.106850e+02,4.297233e+02,3.314625e+01,3.246508e-01,1.367278e+02
225,0,0,600,300,1.157450e+02,4.275792e+02,3.317179e+01,5.852557e-01,1.356360e+02
226,0,0,600,300,1.090972e+02,4.277997e+02,3.159174e+01,5.852565e-01,1.355855e+02
227,0,0,600,300,1.060460e+02,4.279089e+02,3.087302e+01,5.852568e-01,1.355631e+02
228,0,0,600,300,1.042285e+02,4.279750e+02,3.044564e+01,5.852571e-01,1.355496e+02
229,0,0,600,300,1.157450e+02,4.275792e+02,3.317179e+01,5.852557e-01,1.356360e+02
230,0,0,600,300,1.090972e+02,4.277997e+02,3.159174e+01,5.852565e-01,1.355855e+02
231,0,0,600,300,1.060460e+02,4.279089e+02,3.087302e+01,5.852568e-01,1.355631e+02
232,0,0,600,300,1.042285e+02,4.279750e+02,3.044564e+01,5.852571e-01,1.355496e+02
233,0,0,600,300,1.157450e+02,4.275792e+02,3.317179e+01,5.852557e-01,1.356360e+02
234,0,0,600,300,1.090972e+02,4.277997e+02,3.159174e+01,5.852565e-01,1.355855e+02
235,0,0,600,300,1.060460e+02,4.279089e+02,3.087302e+01,5.852568e-01,1.355631e+02
236,0,0,600,300,1.042285e+02,4.279750e+02,3.044564e+01,5.852571e-01,1.355496e+02
237,0,0,600,300,1.157450e+02,4.275792e+02,3.317179e+01,5.852557e-01,1.356360e+02
238,0,0,600,300,1.090972e+02,4.277997e+02,3.159174e+01,5.852565e-01,1.355855e+02
239,0,0,600,300,1.060460e+02,4.279089e+02,3.087302e+01,5.852568e-01,1.355631e+02
240,0,0,600,300,1.042285e+02,4.279750e+02,3.044564e+01,5.852571e-01,1.355496e+02
241,0,0,600,300,1.157450e+02,4.275792e+02,3.317179e+01,5.852557e-01,1.356360e+02
242,0,0,600,300,1.090972e+02,4.277997e+02,3.159174e+01,5.852565e-01,1.355855e+02
243,0,0,600,300,1.060460e+02,4.279089e+02,3.087302e+01,5.852568e-01,1.355631e+02
244,0,0,600,300,1.042285e+02,4.279750e+02,3.044564e+01,5.852571e-01,1.355496e+02
245,0,0,600,300,1.157450e+02,4.275792e+02,3.317179e+01,5.852557e-01,1.356360e+02
246,0,0,600,300,1.090972e+02,4.277997e+02,3.159174e+01,5.852565e-01,1.355855e+02
247,0,0,600,300,1.060460e+02,4.279089e+02,3.087302e+01,5.852568e-01,1.355631e+02
248,0,0,600,300,1.042285e+02,4.279750e+02,3.044564e+01,5.852571e-01,1.355496e+02
249,0,0,600,300,1.157450e+02,4.275792e+02,3.317179e+01,5.852557e-01,1.356360e+02
250,0,0,600,300,1.090972e+02,4.277997e+02,3.159174e+01,5.852565e-01,1.355855e+02
251,0,0,600,300,1.060460e+02,4.279089e+02,3.087302e+01,5.852568e-01,1.355631e+02
252,0,0,600,300,1.042285e+02,4.279750e+02,3.044564e+01,5.852571e-01,1.355496e+02
253,0,0,600,300,1.216723e+02,4.258120e+02,3.434876e+01,3.372910e-01,1.357916e+02
254,0,0,600,300,1.145941e+02,4.262715e+02,3.253699e+01,3.372914e-01,1.358324e+02
255,0,0,600,300,1.113240e+02,4.264973e+02,3.170640e+01,3.372915e-01,1.358529e+02
256,0,0,600,300,1.093597e+02,4.266332e+02,3.120721e+01,3.372916e-01,1.358644e+02
257,0,0,600,300,1.216723e+02,4.258120e+02,3.434876e+01,3.372910e-01,1.357916e+02
258,0,0,600,300,1.145941e+02,4.262715e+02,3.253699e+01,3.372914e-01,1.358324e+02
259,0,0,600,300,1.113240e+02,4.264973e+02,3.170640e+01,3.372915e-01,1.358529e+02
260,0,0,600,300,1.093597e+02,4.266332e+02,3.120721e+01,3.372916e-01,1.358644e+02
261,0,0,600,300,1.216723e+02,4.258120e+02,3.434876e+01,3.372910e-01,1.357916e+02
262,0,0,600,300,1.145941e+02,4.262715e+02,3.253699e+01,3.372914e-01,1.358324e+02
263,0,0,600,300,1.113240e+02,4.264973e+02,3.170640e+01,3.372915e-01,1.358529e+02
264,0,0,600,300,1.093597e+02,4.266332e+02,3.120721e+01,3.372916e-01,1.358644e+02
265,0,0,600,300,1.216723e+02,4.258120e+02,3.434876e+01,3.372910e-01,1.357916e+02
266,0,0,600,300,1.145941e+02,4.262715e+02,3.253699e+01,3.372914e-01,1.358324e+02
267,0,0,600,300,1.113240e+02,4.264973e+02,3.170640e+01,3.372915e-01,1.358529e+02
268,0,0,600,300,1.093597e+02,4.266332e+02,3.120721e+01,3.372916e-01,1.358644e+02
269,0,0,600,300,1.216723e+02,4.258120e+02,3.434876e+01,3.372910e-01,1.357916e+02
270,0,0,600,300,1.145941e+02,4.262715e+02,3.253699e+01,3.372914e-01,1.358324e+02
271,0,0,600,300,1.113240e+02,4.264973e+02,3.170640e+01,3.372915e-01,1.358529e+02
272,0,0,600,300,1.093597e+02,4.266332e+02,3.120721e+01,3.372916e-01,1.358644e+02
273,0,0,600,300,1.216723e+02,4.258120e+02,3.434876e+01,3.372910e-01,1.357916e+02
274,0,0,600,300,1.145941e+02,4.262715e+02,3.253699e+01,3.372914e-01,1.358324e+02
275,0,0,600,300,1.113240e+02,4.264973e+02,3.170640e+01,3.372915e-01,1.358529e+02
276,0,0,600,300,1.093597e+02,4.266332e+02,3.120721e+01,3.372916e-01,1.358644e+02
277,0,0,600,300,1.216723e+02,4.258120e+02,3.434876e+01,3.372910e-01,1.357916e+02
278,0,0,600,300,1.145941e+02,4.262715e+02,3.253699e+01,3.372914e-01,1.358324e+02
279,0,0,600,300,1.113240e+02,4.264973e+02,3.170640e+01,3.372915e-01,1.358529e+02
280,0,0,600,300,1.093597e+02,4.266332e+02,3.120721e+01,3.372916e-01,1.358644e+02
281,0,0,600,300,1.240447e+02,4.271934e+02,3.560048e+01,3.250088e-01,1.361880e+02
282,0,0,600,300,1.168711e+02,4.277807e+02,3.371192e+01,3.250091e-01,1.362894e+02
283,0,0,600,300,1.135481e+02,4.280713e+02,3.284248e+01,3.250093e-01,1.363397e+02
284,0,0,600,300,1.115483e+02,4.282468e+02,3.231842e+01,3.250094e-01,1.363693e+02
285,0,0,600,300,1.240447e+02,4.271934e+02,3.560048e+01,3.250088e-01,1.361880e+02
286,0,0,600,300,1.168711e+02,4.277807e+02,3.371192e+01,3.250091e-01,1.362894e+02
287,0,0,600,300,1.135481e+02,4.280713e+02,3.284248e+01,3.250093e-01,1.363397e+02
288,0,0,600,300,1.115483e+02,4.282468e+02,3.231842e+01,3.250094e-01,1.363693e+02
289,0,0,600,300,1.240447e+02,4.271934e+02,3.560048e+01,3.250088e-01,1.361880e+02
290,0,0,600,300,1.168711e+02,4.277807e+02,3.371192e+01,3.250091e-01,1.362894e+02
291,0,0,600,300,1.135481e+02,4.280713e+02,3.284248e+01,3.250093e-01,1.363397e+02
292,0,0,600,300,1.115483e+02,4.282468e+02,3.231842e+01,3.250094e-01,1.363693e+02
293,0,0,600,300,1.240447e+02,4.271934e+02,3.560048e+01,3.250088e-01,1.361880e+02
294,0,0,600,300,1.168711e+02,4.277807e+02,3.371192e+01,3.250091e-01,1.362894e+02
295,0,0,600,300,1.135481e+02,4.280713e+02,3.284248e+01,3.250093e-01,1.363397e+02
296,0,0,600,300,1.115483e+02,4.282468e+02,3.231842e+01,3.250094e-01,1.363693e+02
297,0,0,600,300,1.240447e+02,4.271934e+02,3.560048e+01,3.250088e-01,1.361880e+02
298,0,0,600,300,1.168711e+02,4.277807e+02,3.371192e+01,3.250091e-01,1.362894e+02
299,0,0,600,300,1.135481e+02,4.280713e+02,3.284248e+01,3.250093e-01,1.363397e+02
300,0,0,600,300,1.115483e+02,4.282468e+02,3.231842e+01,3.250094e-01,1.363693e+02
301,0,0,600,300,1.240447e+02,4.271934e+02,3.560048e+01,3.250088e-01,1.361880e+02
302,0,0,600,300,1.168711e+02,4.277807e+02,3.371192e+01,3.250091e-01,1.362894e+02
303,0,0,600,300,1.135481e+02,4.280713e+02,3.284248e+01,3.250093e-01,1.363397e+02
304,0,0,600,300,1.115483e+02,4.282468e+02,3.231842e+01,3.250094e-01,1.363693e+02
305,0,0,600,300,1.240447e+02,4.271934e+02,3.560048e+01,3.250088e-01,1.361880e+02
306,0,0,600,300,1.168711e+02,4.277807e+02,3.371192e+01,3.250091e-01,1.362894e+02
307,0,0,600,300,1.135481e+02,4.280713e+02,3.284248e+01,3.250093e-01,1.363397e+02
308,0,0,600,300,1.115483e+02,4.282468e+02,3.231842e+01,3.250094e-01,1.363693e+02
309,0,0,600,300,1.247478e+02,4.290338e+02,3.631528e+01,3.245019e-01,1.365370e+02
310,0,0,600,300,1.175478e+02,4.297116e+02,3.438945e+01,3.245022e-01,1.366717e+02
311,0,0,600,300,1.142107e+02,4.300488e+02,3.350185e+01,3.245023e-01,1.367390e+02
312,0,0,600,300,1.122015e+02,4.302526e+02,3.296666e+01,3.245024e-01,1.367793e+02
313,0,0,600,300,1.247478e+02,4.290338e+02,3.631528e+01,3.245019e-01,1.365370e+02
314,0,0,600,300,1.175478e+02,4.297116e+02,3.438945e+01,3.245022e-01,1.366717e+02
315,0,0,600,300,1.142107e+02,4.300488e+02,3.350185e+01,3.245023e-01,1.367390e+02
316,0,0,600,300,1.122015e+02,4.302526e+02,3.296666e+01,3.245024e-01,1.367793e+02
317,0,0,600,300,1.247478e+02,4.290338e+02,3.631528e+01,3.245019e-01,1.365370e+02
318,0,0,600,300,1.175478e+02,4.297116e+02,3.438945e+01,3.245022e-01,1.366717e+02
319,0,0,600,300,1.142107e+02,4.300488e+02,3.350185e+01,3.245023e-01,1.367390e+02
320,0,0,600,300,1.122015e+02,4.302526e+02,3.296666e+01,3.245024e-01,1.367793e+02
321,0,0,600,300,1.247478e+02,4.290338e+02,3.631528e+01,3.245019e-01,1.365370e+02
322,0,0,600,300,1.175478e+02,4.297116e+02,3.438945e+01,3.245022e-01,1.366717e+02
323,0,0,600,300,1.142107e+02,4.300488e+02,3.350185e+01,3.245023e-01,1.367390e+02
324,0,0,600,300,1.122015e+02,4.302526e+02,3.296666e+01,3.245024e-01,1.367793e+02
325,0,0,600,300,1.247478e+02,4.290338e+02,3.631528e+01,3.245019e-01,1.365370e+02
326,0,0,600,300,1.175478e+02,4.297116e+02,3.438945e+01,3.245022e-01,1.366717e+02
327,0,0,600,300,1.142107e+02,4.300488e+02,3.350185e+01,3.245023e-01,1.367390e+02
328,0,0,600,300,1.122015e+02,4.302526e+02,3.296666e+01,3.245024e-01,1.367793e+02
329,0,0,600,300,1.247478e+02,4.290338e+02,3.631528e+01,3.245019e-01,1.365370e+02
330,0,0,600,300,1.175478e+02,4.297116e+02,3.438945e+01,3.245022e-01,1.366717e+02
331,0,0,600,300,1.142107e+02,4.300488e+02,3.350185e+01,3.245023e-01,1.367390e+02
332,0,0,600,300,1.122015e+02,4.302526e+02,3.296666e+01,3.245024e-01,1.367793e+02
333,0,0,600,300,1.247478e+02,4.290338e+02,3.631528e+01,3.245019e-01,1.365370e+02
334,0,0,600,300,1.175478e+02,4.297116e+02,3.438945e+01,3.245022e-01,1.366717e+02
335,0,0,600,300,1.142107e+02,4.300488e+02,3.350185e+01,3.245023e-01,1.367390e+02
336,0,0,600,300,1.122015e+02,4.302526e+02,3.296666e+01,3.245024e-01,1.367793e+02
337,0,0,600,300,1.174482e+02,4.276200e+02,3.303782e+01,5.844384e-01,1.355097e+02
338,0,0,600,300,1.106905e+02,4.278509e+02,3.145346e+01,5.844392e-01,1.354597e+02
339,0,0,600,300,1.075877e+02,4.279646e+02,3.073262e+01,5.844395e-01,1.354375e+02
340,0,0,600,300,1.057391e+02,4.280334e+02,3.030382e+01,5.844397e-01,1.354242e+02
341,0,0,600,300,1.174482e+02,4.276200e+02,3.303782e+01,5.844384e-01,1.355097e+02
342,0,0,600,300,1.106905e+02,4.278509e+02,3.145346e+01,5.844392e-01,1.354597e+02
343,0,0,600,300,1.075877e+02,4.279646e+02,3.073262e+01,5.844395e-01,1.354375e+02
344,0,0,600,300,1.057391e+02,4.280334e+02,3.030382e+01,5.844397e-01,1.354242e+02
345,0,0,600,300,1.174482e+02,4.276200e+02,3.303782e+01,5.844384e-01,1.355097e+02
346,0,0,600,300,1.106905e+02,4.278509e+02,3.145346e+01,5.844392e-01,1.354597e+02
347,0,0,600,300,1.075877e+02,4.279646e+02,3.073262e+01,5.844395e-01,1.354375e+02
348,0,0,600,300,1.057391e+02,4.280334e+02,3.030382e+01,5.844397e-01,1.354242e+02
349,0,0,600,300,1.174482e+02,4.276200e+02,3.303782e+01,5.844384e-01,1.355097e+02
350,0,0,600,300,1.106905e+02,4.278509e+02,3.145346e+01,5.844392e-01,1.354597e+02
351,0,0,600,300,1.075877e+02,4.279646e+02,3.073262e+01,5.844395e-01,1.354375e+02
352,0,0,600,300,1.057391e+02,4.280334e+02,3.030382e+01,5.844397e-01,1.354242e+02
353,0,0,600,300,1.174482e+02,4.276200e+02,3.303782e+01,5.844384e-01,1.355097e+02
354,0,0,600,300,1.106905e+02,4.278509e+02,3.145346e+01,5.844392e-01,1.354597e+02
355,0,0,600,300,1.075877e+02,4.279646e+02,3.073262e+01,5.844395e-01,1.354375e+02
356,0,0,600,300,1.057391e+02,4.280334e+02,3.030382e+01,5.844397e-01,1.354242e+02
357,0,0,600,300,1.174482e+02,4.276200e+02,3.303782e+01,5.844384e-01,1.355097e+02
358,0,0,600,300,1.106905e+02,4.278509e+02,3.145346e+01,5.844392e-01,1.354597e+02
359,0,0,600,300,1.075877e+02,4.279646e+02,3.073262e+01,5.844395e-01,1.354375e+02
360,0,0,600,300,1.057391e+02,4.280334e+02,3.030382e+01,5.844397e-01,1.354242e+02
361,0,0,600,300,1.174482e+02,4.276200e+02,3.303782e+01,5.844384e-01,1.355097e+02
362,0,0,600,300,1.106905e+02,4.278509e+02,3.145346e+01,5.844392e-01,1.354597e+02
363,0,0,600,300,1.075877e+02,4.279646e+02,3.073262e+01,5.844395e-01,1.354375e+02
364,0,0,600,300,1.057391e+02,4.280334e+02,3.030382e+01,5.844397e-01,1.354242e+02
365,0,0,600,300,1.236135e+02,4.261204e+02,3.425455e+01,3.370199e-01,1.357484e+02
366,0,0,600,300,1.164252e+02,4.266025e+02,3.244579e+01,3.370203e-01,1.357931e+02
367,0,0,600,300,1.131033e+02,4.268382e+02,3.161634e+01,3.370205e-01,1.358152e+02
368,0,0,600,300,1.111078e+02,4.269799e+02,3.111762e+01,3.370206e-01,1.358276e+02
369,0,0,600,300,1.236135e+02,4.261204e+02,3.425455e+01,3.370199e-01,1.357484e+02
370,0,0,600,300,1.164252e+02,4.266025e+02,3.244579e+01,3.370203e-01,1.357931e+02
371,0,0,600,300,1.131033e+02,4.268382e+02,3.161634e+01,3.370205e-01,1.358152e+02
372,0,0,600,300,1.111078e+02,4.269799e+02,3.111762e+01,3.370206e-01,1.358276e+02
373,0,0,600,300,1.236135e+02,4.261204e+02,3.425455e+01,3.370199e-01,1.357484e+02
374,0,0,600,300,1.164252e+02,4.266025e+02,3.244579e+01,3.370203e-01,1.357931e+02
375,0,0,600,300,1.131033e+02,4.268382e+02,3.161634e+01,3.370205e-01,1.358152e+02
376,0,0,600,300,1.111078e+02,4.269799e+02,3.111762e+01,3.370206e-01,1.358276e+02
377,0,0,600,300,1.236135e+02,4.261204e+02,3.425455e+01,3.370199e-01,1.357484e+02
378,0,0,600,300,1.164252e+02,4.266025e+02,3.244579e+01,3.370203e-01,1.357931e+02
379,0,0,600,300,1.131033e+02,4.268382e+02,3.161634e+01,3.370205e-01,1.358152e+02
380,0,0,600,300,1.111078e+02,4.269799e+02,3.111762e+01,3.370206e-01,1.358276e+02
381,0,0,600,300,1.236135e+02,4.261204e+02,3.425455e+01,3.370199e-01,1.357484e+02
382,0,0,600,300,1.164252e+02,4.266025e+02,3.244579e+01,3.370203e-01,1.357931e+02
383,0,0,600,300,1.131033e+02,4.268382e+02,3.161634e+01,3.370205e-01,1.358152e+02
384,0,0,600,300,1.111078e+02,4.269799e+02,3.111762e+01,3.370206e-01,1.358276e+02
385,0,0,600,300,1.236135e+02,4.261204e+02,3.425455e+01,3.370199e-01,1.357484e+02
386,0,0,600,300,1.164252e+02,4.266025e+02,3.244579e+01,3.370203e-01,1.357931e+02
387,0,0,600,300,1.131033e+02,4.268382e+02,3.161634e+01,3.370205e-01,1.358152e+02
388,0,0,600,300,1.111078e+02,4.269799e+02,3.111762e+01,3.370206e-01,1.358276e+02
389,0,0,600,300,1.236135e+02,4.261204e+02,3.425455e+01,3.370199e-01,1.357484e+02
390,0,0,600,300,1.164252e+02,4.266025e+02,3.244579e+01,3.370203e-01,1.357931e+02
391,0,0,600,300,1.131033e+02,4.268382e+02,3.161634e+01,3.370205e-01,1.358152e+02
392,0,0,600,300,1.111078e+02,4.269799e+02,3.111762e+01,3.370206e-01,1.358276e+02
393,0,0,600,300,1.259732e+02,4.276444e+02,3.547971e+01,3.248702e-01,1.362111e+02
394,0,0,600,300,1.186909e+02,4.282625e+02,3.359798e+01,3.248705e-01,1.363181e+02
395,0,0,600,300,1.153169e+02,4.285667e+02,3.273144e+01,3.248707e-01,1.363706e+02
396,0,0,600,300,1.132864e+02,4.287501e+02,3.220891e+01,3.248708e-01,1.364014e+02
397,0,0,600,300,1.259732e+02,4.276444e+02,3.547971e+01,3.248702e-01,1.362111e+02
398,0,0,600,300,1.186909e+02,4.282625e+02,3.359798e+01,3.248705e-01,1.363181e+02
399,0,0,600,300,1.153169e+02,4.285667e+02,3.273144e+01,3.248707e-01,1.363706e+02
400,0,0,600,300,1.132864e+02,4.287501e+02,3.220891e+01,3.248708e-01,1.364014e+02
401,0,0,600,300,1.259732e+02,4.276444e+02,3.547971e+01,3.248702e-01,1.362111e+02
402,0,0,600,300,1.186909e+02,4.282625e+02,3.359798e+01,3.248705e-01,1.363181e+02
403,0,0,600,300,1.153169e+02,4.285667e+02,3.273144e+01,3.248707e-01,1.363706e+02
404,0,0,600,300,1.132864e+02,4.287501e+02,3.220891e+01,3.248708e-01,1.364014e+02
405,0,0,600,300,1.259732e+02,4.276444e+02,3.547971e+01,3.248702e-01,1.362111e+02
406,0,0,600,300,1.186909e+02,4.282625e+02,3.359798e+01,3.248705e-01,1.363181e+02
407,0,0,600,300,1.153169e+02,4.285667e+02,3.273144e+01,3.248707e-01,1.363706e+02
408,0,0,600,300,1.132864e+02,4.287501e+02,3.220891e+01,3.248708e-01,1.364014e+02
409,0,0,600,300,1.259732e+02,4.276444e+02,3.547971e+01,3.248702e-01,1.362111e+02
410,0,0,600,300,1.186909e+02,4.282625e+02,3.359798e+01,3.248705e-01,1.363181e+02
411,0,0,600,300,1.153169e+02,4.285667e+02,3.273144e+01,3.248707e-01,1.363706e+02
412,0,0,600,300,1.132864e+02,4.287501e+02,3.220891e+01,3.248708e-01,1.364014e+02
413,0,0,600,300,1.259732e+02,4.276444e+02,3.547971e+01,3.248702e-01,1.362111e+02
414,0,0,600,300,1.186909e+02,4.282625e+02,3.359798e+01,3.248705e-01,1.363181e+02
415,0,0,600,300,1.153169e+02,4.285667e+02,3.273144e+01,3.248707e-01,1.363706e+02
416,0,0,600,300,1.132864e+02,4.287501e+02,3.220891e+01,3.248708e-01,1.364014e+02
417,0,0,600,300,1.259732e+02,4.276444e+02,3.547971e+01,3.248702e-01,1.362111e+02
418,0,0,600,300,1.186909e+02,4.282625e+02,3.359798e+01,3.248705e-01,1.363181e+02
419,0,0,600,300,1.153169e+02,4.285667e+02,3.273144e+01,3.248707e-01,1.363706e+02
420,0,0,600,300,1.132864e+02,4.287501e+02,3.220891e+01,3.248708e-01,1.364014e+02
421,0,0,600,300,1.266581e+02,4.295813e+02,3.616101e+01,3.243773e-01,1.365995e+02
422,0,0,600,300,1.193502e+02,4.302989e+02,3.424422e+01,3.243776e-01,1.367389e+02
423,0,0,600,300,1.159624e+02,4.306527e+02,3.336056e+01,3.243778e-01,1.368089e+02
424,0,0,600,300,1.139229e+02,4.308662e+02,3.282752e+01,3.243779e-01,1.368505e+02
425,0,0,600,300,1.266581e+02,4.295813e+02,3.616101e+01,3.243773e-01,1.365995e+02
426,0,0,600,300,1.193502e+02,4.302989e+02,3.424422e+01,3.243776e-01,1.367389e+02
427,0,0,600,300,1.159624e+02,4.306527e+02,3.336056e+01,3.243778e-01,1.368089e+02
428,0,0,600,300,1.139229e+02,4.308662e+02,3.282752e+01,3.243779e-01,1.368505e+02
429,0,0,600,300,1.266581e+02,4.295813e+02,3.616101e+01,3.243773e-01,1.365995e+02
430,0,0,600,300,1.193502e+02,4.302989e+02,3.424422e+01,3.243776e-01,1.367389e+02
431,0,0,600,300,1.159624e+02,4.306527e+02,3.336056e+01,3.243778e-01,1.368089e+02
432,0,0,600,300,1.139229e+02,4.308662e+02,3.282752e+01,3.243779e-01,1.368505e+02
433,0,0,600,300,1.266581e+02,4.295813e+02,3.616101e+01,3.243773e-01,1.365995e+02
434,0,0,600,300,1.193502e+02,4.302989e+02,3.424422e+01,3.243776e-01,1.367389e+02
435,0,0,600,300,1.159624e+02,4.306527e+02,3.336056e+01,3.243778e-01,1.368089e+02
436,0,0,600,300,1.139229e+02,4.308662e+02,3.282752e+01,3.243779e-01,1.368505e+02
437,0,0,600,300,1.266581e+02,4.295813e+02,3.616101e+01,3.243773e-01,1.365995e+02
438,0,0,600,300,1.193502e+02,4.302989e+02,3.424422e+01,3.243776e-01,1.367389e+02
439,0,0,600,300,1.159624e+02,4.306527e+02,3.336056e+01,3.243778e-01,1.368089e+02
440,0,0,600,300,1.139229e+02,4.308662e+02,3.282752e+01,3.243779e-01,1.368505e+02
441,0,0,600,300,1.266581e+02,4.295813e+02,3.616101e+01,3.243773e-01,1.365995e+02
442,0,0,600,300,1.193502e+02,4.302989e+02,3.424422e+01,3.243776e-01,1.367389e+02
443,0,0,600,300,1.159624e+02,4.306527e+02,3.336056e+01,3.243778e-01,1.368089e+02
444,0,0,600,300,1.139229e+02,4.308662e+02,3.282752e+01,3.243779e-01,1.368505e+02
445,0,0,600,300,1.266581e+02,4.295813e+02,3.616101e+01,3.243773e-01,1.365995e+02
446,0,0,600,300,1.193502e+02,4.302989e+02,3.424422e+01,3.243776e-01,1.367389e+02
447,0,0,600,300,1.159624e+02,4.306527e+02,3.336056e+01,3.243778e-01,1.368089e+02
448,0,0,600,300,1.139229e+02,4.308662e+02,3.282752e+01,3.243779e-01,1.368505e+02
449,0,0,600,300,1.194595e+02,4.276747e+02,3.293268e+01,5.835491e-01,1.353725e+02
450,0,0,600,300,1.125720e+02,4.279184e+02,3.134086e+01,5.835499e-01,1.353236e+02
451,0,0,600,300,1.094082e+02,4.280376e+02,3.061642e+01,5.835502e-01,1.353018e+02
452,0,0,600,300,1.075230e+02,4.281636e+02,3.018529e+01,5.835504e-01,1.353101e+02
453,0,0,600,300,1.194595e+02,4.276747e+02,3.293268e+01,5.835491e-01,1.353725e+02
454,0,0,600,300,1.125720e+02,4.279184e+02,3.134086e+01,5.835499e-01,1.353236e+02
455,0,0,600,300,1.094082e+02,4.280376e+02,3.061642e+01,5.835502e-01,1.353018e+02
456,0,0,600,300,1.075230e+02,4.281636e+02,3.018529e+01,5.835504e-01,1.353101e+02
457,0,0,600,300,1.194595e+02,4.276747e+02,3.293268e+01,5.835491e-01,1.353725e+02
458,0,0,600,300,1.125720e+02,4.279184e+02,3.134086e+01,5.835499e-01,1.353236e+02
459,0,0,600,300,1.094082e+02,4.280376e+02,3.061642e+01,5.835502e-01,1.353018e+02
460,0,0,600,300,1.075230e+02,4.281636e+02,3.018529e+01,5.835504e-01,1.353101e+02
461,0,0,600,300,1.194595e+02,4.276747e+02,3.293268e+01,5.835491e-01,1.353725e+02
462,0,0,600,300,1.125720e+02,4.279184e+02,3.134086e+01,5.835499e-01,1.353236e+02
463,0,0,600,300,1.094082e+02,4.280376e+02,3.061642e+01,5.835502e-01,1.353018e+02
464,0,0,600,300,1.075230e+02,4.281636e+02,3.018529e+01,5.835504e-01,1.353101e+02
465,0,0,600,300,1.194595e+02,4.276747e+02,3.293268e+01,5.835491e-01,1.353725e+02
466,0,0,600,300,1.125720e+02,4.279184e+02,3.134086e+01,5.835499e-01,1.353236e+02
467,0,0,600,300,1.094082e+02,4.280376e+02,3.061642e+01,5.835502e-01,1.353018e+02
468,0,0,600,300,1.075230e+02,4.281636e+02,3.018529e+01,5.835504e-01,1.353101e+02
469,0,0,600,300,1.194595e+02,4.276747e+02,3.293268e+01,5.835491e-01,1.353725e+02
470,0,0,600,300,1.125720e+02,4.279184e+02,3.134086e+01,5.835499e-01,1.353236e+02
471,0,0,600,300,1.094082e+02,4.280376e+02,3.061642e+01,5.835502e-01,1.353018e+02
472,0,0,600,300,1.075230e+02,4.281636e+02,3.018529e+01,5.835504e-01,1.353101e+02
473,0,0,600,300,1.194595e+02,4.276747e+02,3.293268e+01,5.835491e-01,1.353725e+02
474,0,0,600,300,1.125720e+02,4.279184e+02,3.134086e+01,5.835499e-01,1.353236e+02
475,0,0,600,300,1.094082e+02,4.280376e+02,3.061642e+01,5.835502e-01,1.353018e+02
476,0,0,600,300,1.075230e+02,4.281636e+02,3.018529e+01,5.835504e-01,1.353101e+02
477,0,0,600,300,1.258704e+02,4.264912e+02,3.420431e+01,3.367606e-01,1.357113e+02
478,0,0,600,300,1.185534e+02,4.270005e+02,3.239565e+01,3.367610e-01,1.357611e+02
479,0,0,600,300,1.151708e+02,4.272481e+02,3.156595e+01,3.367612e-01,1.357853e+02
480,0,0,600,300,1.131390e+02,4.273968e+02,3.106687e+01,3.367613e-01,1.357989e+02
481,0,0,600,300,1.258704e+02,4.264912e+02,3.420431e+01,3.367606e-01,1.357113e+02
482,0,0,600,300,1.185534e+02,4.270005e+02,3.239565e+01,3.367610e-01,1.357611e+02
483,0,0,600,300,1.151708e+02,4.272481e+02,3.156595e+01,3.367612e-01,1.357853e+02
484,0,0,600,300,1.131390e+02,4.273968e+02,3.106687e+01,3.367613e-01,1.357989e+02
485,0,0,600,300,1.258704e+02,4.264912e+02,3.420431e+01,3.367606e-01,1.357113e+02
486,0,0,600,300,1.185534e+02,4.270005e+02,3.239565e+01,3.367610e-01,1.357611e+02
487,0,0,600,300,1.151708e+02,4.272481e+02,3.156595e+01,3.367612e-01,1.357853e+02
488,0,0,600,300,1.131390e+02,4.273968e+02,3.106687e+01,3.367613e-01,1.357989e+02
489,0,0,600,300,1.258704e+02,4.264912e+02,3.420431e+01,3.367606e-01,1.357113e+02
490,0,0,600,300,1.185534e+02,4.270005e+02,3.239565e+01,3.367610e-01,1.357611e+02
491,0,0,600,300,1.151708e+02,4.272481e+02,3.156595e+01,3.367612e-01,1.357853e+02
492,0,0,600,300,1.131390e+02,4.273968e+02,3.106687e+01,3.367613e-01,1.357989e+02
493,0,0,600,300,1.258704e+02,4.264912e+02,3.420431e+01,3.367606e-01,1.357113e+02
494,0,0,600,300,1.185534e+02,4.270005e+02,3.239565e+01,3.367610e-01,1.357611e+02
495,0,0,600,300,1.151708e+02,4.272481e+02,3.156595e+01,3.367612e-01,1.357853e+02
496,0,0,600,300,1.131390e+02,4.273968e+02,3.106687e+01,3.367613e-01,1.357989e+02
497,0,0,600,300,1.258704e+02,4.264912e+02,3.420431e+01,3.367606e-01,1.357113e+02
498,0,0,600,300,1.185534e+02,4.270005e+02,3.239565e+01,3.367610e-01,1.357611e+02
499,0,0,600,300,1.151708e+02,4.272481e+02,3.156595e+01,3.367612e-01,1.357853e+02
500,0,0,600,300,1.131390e+02,4.273968e+02,3.106687e+01,3.367613e-01,1.357989e+02
501,0,0,600,300,1.258704e+02,4.264912e+02,3.420431e+01,3.367606e-01,1.357113e+02
502,0,0,600,300,1.185534e+02,4.270005e+02,3.239565e+01,3.367610e-01,1.357611e+02
503,0,0,600,300,1.151708e+02,4.272481e+02,3.156595e+01,3.367612e-01,1.357853e+02
504,0,0,600,300,1.131390e+02,4.273968e+02,3.106687e+01,3.367613e-01,1.357989e+02
505,0,0,600,300,1.282071e+02,4.281827e+02,3.540620e+01,3.247561e-01,1.362511e+02
506,0,0,600,300,1.207978e+02,4.288380e+02,3.352821e+01,3.247564e-01,1.363653e+02
507,0,0,600,300,1.173642e+02,4.291586e+02,3.266314e+01,3.247565e-01,1.364208e+02
508,0,0,600,300,1.152980e+02,4.293516e+02,3.214128e+01,3.247566e-01,1.364533e+02
509,0,0,600,300,1.282071e+02,4.281827e+02,3.540620e+01,3.247561e-01,1.362511e+02
510,0,0,600,300,1.207978e+02,4.288380e+02,3.352821e+01,3.247564e-01,1.363653e+02
511,0,0,600,300,1.173642e+02,4.291586e+02,3.266314e+01,3.247565e-01,1.364208e+02
512,0,0,600,300,1.152980e+02,4.293516e+02,3.214128e+01,3.247566e-01,1.364533e+02
513,0,0,600,300,1.282071e+02,4.281827e+02,3.540620e+01,3.247561e-01,1.362511e+02
514,0,0,600,300,1.207978e+02,4.288380e+02,3.352821e+01,3.247564e-01,1.363653e+02
515,0,0,600,300,1.173642e+02,4.291586e+02,3.266314e+01,3.247565e-01,1.364208e+02
516,0,0,600,300,1.152980e+02,4.293516e+02,3.214128e+01,3.247566e-01,1.364533e+02
517,0,0,600,300,1.282071e+02,4.281827e+02,3.540620e+01,3.247561e-01,1.362511e+02
518,0,0,600,300,1.207978e+02,4.288380e+02,3.352821e+01,3.247564e-01,1.363653e+02
519,0,0,600,300,1.173642e+02,4.291586e+02,3.266314e+01,3.247565e-01,1.364208e+02
520,0,0,600,300,1.152980e+02,4.293516e+02,3.214128e+01,3.247566e-01,1.364533e+02
521,0,0,600,300,1.282071e+02,4.281827e+02,3.540620e+01,3.247561e-01,1.362511e+02
522,0,0,600,300,1.207978e+02,4.288380e+02,3.352821e+01,3.247564e-01,1.363653e+02
523,0,0,600,300,1.173642e+02,4.291586e+02,3.266314e+01,3.247565e-01,1.364208e+02
524,0,0,600,300,1.152980e+02,4.293516e+02,3.214128e+01,3.247566e-01,1.364533e+02
525,0,0,600,300,1.282071e+02,4.281827e+02,3.540620e+01,3.247561e-01,1.362511e+02
526,0,0,600,300,1.207978e+02,4.288380e+02,3.352821e+01,3.247564e-01,1.363653e+02
527,0,0,600,300,1.173642e+02,4.291586e+02,3.266314e+01,3.247565e-01,1.364208e+02
528,0,0,600,300,1.152980e+02,4.293516e+02,3.214128e+01,3.247566e-01,1.364533e+02
529,0,0,600,300,1.282071e+02,4.281827e+02,3.540620e+01,3.247561e-01,1.362511e+02
530,0,0,600,300,1.207978e+02,4.288380e+02,3.352821e+01,3.247564e-01,1.363653e+02
531,0,0,600,300,1.173642e+02,4.291586e+02,3.266314e+01,3.247565e-01,1.364208e+02
532,0,0,600,300,1.152980e+02,4.293516e+02,3.214128e+01,3.247566e-01,1.364533e+02
533,0,0,600,300,1.288701e+02,4.302360e+02,3.605691e+01,3.242796e-01,1.366831e+02
534,0,0,600,300,1.214361e+02,4.309970e+02,3.414587e+01,3.242799e-01,1.368328e+02
535,0,0,600,300,1.179891e+02,4.313713e+02,3.326461e+01,3.242801e-01,1.369064e+02
536,0,0,600,300,1.159143e+02,4.315968e+02,3.273281e+01,3.242801e-01,1.369500e+02
537,0,0,600,300,1.288701e+02,4.302360e+02,3.605691e+01,3.242796e-01,1.366831e+02
538,0,0,600,300,1.214361e+02,4.309970e+02,3.414587e+01,3.242799e-01,1.368328e+02
539,0,0,600,300,1.179891e+02,4.313713e+02,3.326461e+01,3.242801e-01,1.369064e+02
540,0,0,600,300,1.159143e+02,4.315968e+02,3.273281e+01,3.242801e-01,1.369500e+02
541,0,0,600,300,1.288701e+02,4.302360e+02,3.605691e+01,3.242796e-01,1.366831e+02
542,0,0,600,300,1.214361e+02,4.309970e+02,3.414587e+01,3.242799e-01,1.368328e+02
543,0,0,600,300,1.179891e+02,4.313713e+02,3.326461e+01,3.242801e-01,1.369064e+02
544,0,0,600,300,1.159143e+02,4.315968e+02,3.273281e+01,3.242801e-01,1.369500e+02
545,0,0,600,300,1.288701e+02,4.302360e+02,3.605691e+01,3.242796e-01,1.366831e+02
546,0,0,600,300,1.214361e+02,4.309970e+02,3.414587e+01,3.242799e-01,1.368328e+02
547,0,0,600,300,1.179891e+02,4.313713e+02,3.326461e+01,3.242801e-01,1.369064e+02
548,0,0,600,300,1.159143e+02,4.315968e+02,3.273281e+01,3.242801e-01,1.369500e+02
549,0,0,600,300,1.288701e+02,4.302360e+02,3.605691e+01,3.242796e-01,1.366831e+02
550,0,0,600,300,1.214361e+02,4.309970e+02,3.414587e+01,3.242799e-01,1.368328e+02
551,0,0,600,300,1.179891e+02,4.313713e+02,3.326461e+01,3.242801e-01,1.369064e+02
552,0,0,600,300,1.159143e+02,4.315968e+02,3.273281e+01,3.242801e-01,1.369500e+02
553,0,0,600,300,1.288701e+02,4.302360e+02,3.605691e+01,3.242796e-01,1.366831e+02
554,0,0,600,300,1.214361e+02,4.309970e+02,3.414587e+01,3.242799e-01,1.368328e+02
555,0,0,600,300,1.179891e+02,4.313713e+02,3.326461e+01,3.242801e-01,1.369064e+02
556,0,0,600,300,1.159143e+02,4.315968e+02,3.273281e+01,3.242801e-01,1.369500e+02
557,0,0,600,300,1.288701e+02,4.302360e+02,3.605691e+01,3.242796e-01,1.366831e+02
558,0,0,600,300,1.214361e+02,4.309970e+02,3.414587e+01,3.242799e-01,1.368328e+02
559,0,0,600,300,1.179891e+02,4.313713e+02,3.326461e+01,3.242801e-01,1.369064e+02
560,0,0,600,300,1.159143e+02,4.315968e+02,3.273281e+01,3.242801e-01,1.369500e+02
561,0,0,600,300,1.218350e+02,4.277451e+02,3.285828e+01,5.825734e-01,1.352209e+02
562,0,0,600,300,1.147942e+02,4.280580e+02,3.125539e+01,5.825742e-01,1.351946e+02
563,0,0,600,300,1.115584e+02,4.281866e+02,3.052564e+01,5.825745e-01,1.351742e+02
564,0,0,600,300,1.096300e+02,4.282640e+02,3.009114e+01,5.825747e-01,1.351618e+02
565,0,0,600,300,1.218350e+02,4.277451e+02,3.285828e+01,5.825734e-01,1.352209e+02
566,0,0,600,300,1.147942e+02,4.280580e+02,3.125539e+01,5.825742e-01,1.351946e+02
567,0,0,600,300,1.115584e+02,4.281866e+02,3.052564e+01,5.825745e-01,1.351742e+02
568,0,0,600,300,1.096300e+02,4.282640e+02,3.009114e+01,5.825747e-01,1.351618e+02
569,0,0,600,300,1.218350e+02,4.277451e+02,3.285828e+01,5.825734e-01,1.352209e+02
570,0,0,600,300,1.147942e+02,4.280580e+02,3.125539e+01,5.825742e-01,1.351946e+02
571,0,0,600,300,1.115584e+02,4.281866e+02,3.052564e+01,5.825745e-01,1.351742e+02
572,0,0,600,300,1.096300e+02,4.282640e+02,3.009114e+01,5.825747e-01,1.351618e+02
573,0,0,600,300,1.218350e+02,4.277451e+02,3.285828e+01,5.825734e-01,1.352209e+02
574,0,0,600,300,1.147942e+02,4.280580e+02,3.125539e+01,5.825742e-01,1.351946e+02
575,0,0,600,300,1.115584e+02,4.281866e+02,3.052564e+01,5.825745e-01,1.351742e+02
576,0,0,600,300,1.096300e+02,4.282640e+02,3.009114e+01,5.825747e-01,1.351618e+02
577,0,0,600,300,1.218350e+02,4.277451e+02,3.285828e+01,5.825734e-01,1.352209e+02
578,0,0,600,300,1.147942e+02,4.280580e+02,3.125539e+01,5.825742e-01,1.351946e+02
579,0,0,600,300,1.115584e+02,4.281866e+02,3.052564e+01,5.825745e-01,1.351742e+02
580,0,0,600,300,1.096300e+02,4.282640e+02,3.009114e+01,5.825747e-01,1.351618e+02
581,0,0,600,300,1.218350e+02,4.277451e+02,3.285828e+01,5.825734e-01,1.352209e+02
582,0,0,600,300,1.147942e+02,4.280580e+02,3.125539e+01,5.825742e-01,1.351946e+02
583,0,0,600,300,1.115584e+02,4.281866e+02,3.052564e+01,5.825745e-01,1.351742e+02
584,0,0,600,300,1.096300e+02,4.282640e+02,3.009114e+01,5.825747e-01,1.351618e+02
585,0,0,600,300,1.218350e+02,4.277451e+02,3.285828e+01,5.825734e-01,1.352209e+02
586,0,0,600,300,1.147942e+02,4.280580e+02,3.125539e+01,5.825742e-01,1.351946e+02
587,0,0,600,300,1.115584e+02,4.281866e+02,3.052564e+01,5.825745e-01,1.351742e+02
588,0,0,600,300,1.096300e+02,4.282640e+02,3.009114e+01,5.825747e-01,1.351618e+02
589,0,0,600,300,1.284884e+02,4.269321e+02,3.419759e+01,3.365153e-01,1.356797e+02
590,0,0,600,300,1.210210e+02,4.274738e+02,3.238598e+01,3.365157e-01,1.357357e+02
591,0,0,600,300,1.175675e+02,4.277357e+02,3.155459e+01,3.365158e-01,1.357626e+02
592,0,0,600,300,1.154932e+02,4.278927e+02,3.105428e+01,3.365159e-01,1.357777e+02
593,0,0,600,300,1.284884e+02,4.269321e+02,3.419759e+01,3.365153e-01,1.356797e+02
594,0,0,600,300,1.210210e+02,4.274738e+02,3.238598e+01,3.365157e-01,1.357357e+02
595,0,0,600,300,1.175675e+02,4.277357e+02,3.155459e+01,3.365158e-01,1.357626e+02
596,0,0,600,300,1.154932e+02,4.278927e+02,3.105428e+01,3.365159e-01,1.357777e+02
597,0,0,600,300,1.284884e+02,4.269321e+02,3.419759e+01,3.365153e-01,1.356797e+02
598,0,0,600,300,1.210210e+02,4.274738e+02,3.238598e+01,3.365157e-01,1.357357e+02
599,0,0,600,300,1.175675e+02,4.277357e+02,3.155459e+01,3.365158e-01,1.357626e+02
600,0,0,600,300,1.154932e+02,4.278927e+02,3.105428e+01,3.365159e-01,1.357777e+02
601,0,0,600,300,1.284884e+02,4.269321e+02,3.419759e+01,3.365153e-01,1.356797e+02
602,0,0,600,300,1.210210e+02,4.274738e+02,3.238598e+01,3.365157e-01,1.357357e+02
603,0,0,600,300,1.175675e+02,4.277357e+02,3.155459e+01,3.365158e-01,1.357626e+02
604,0,0,600,300,1.154932e+02,4.278927e+02,3.105428e+01,3.365159e-01,1.357777e+02
605,0,0,600,300,1.284884e+02,4.269321e+02,3.419759e+01,3.365153e-01,1.356797e+02
606,0,0,600,300,1.210210e+02,4.274738e+02,3.238598e+01,3.365157e-01,1.357357e+02
607,0,0,600,300,1.175675e+02,4.277357e+02,3.155459e+01,3.365158e-01,1.357626e+02
608,0,0,600,300,1.154932e+02,4.278927e+02,3.105428e+01,3.365159e-01,1.357777e+02
609,0,0,600,300,1.284884e+02,4.269321e+02,3.419759e+01,3.365153e-01,1.356797e+02
610,0,0,600,300,1.210210e+02,4.274738e+02,3.238598e+01,3.365157e-01,1.357357e+02
611,0,0,600,300,1.175675e+02,4.277357e+02,3.155459e+01,3.365158e-01,1.357626e+02
612,0,0,600,300,1.154932e+02,4.278927e+02,3.105428e+01,3.365159e-01,1.357777e+02
613,0,0,600,300,1.284884e+02,4.269321e+02,3.419759e+01,3.365153e-01,1.356797e+02
614,0,0,600,300,1.210210e+02,4.274738e+02,3.238598e+01,3.365157e-01,1.357357e+02
615,0,0,600,300,1.175675e+02,4.277357e+02,3.155459e+01,3.365158e-01,1.357626e+02
616,0,0,600,300,1.154932e+02,4.278927e+02,3.105428e+01,3.365159e-01,1.357777e+02
617,0,0,600,300,1.307882e+02,4.288186e+02,3.537732e+01,3.246679e-01,1.363079e+02
618,0,0,600,300,1.232309e+02,4.295188e+02,3.349997e+01,3.246682e-01,1.364307e+02
619,0,0,600,300,1.197277e+02,4.298596e+02,3.263489e+01,3.246684e-01,1.364897e+02
620,0,0,600,300,1.176199e+02,4.300645e+02,3.211284e+01,3.246684e-01,1.365242e+02
621,0,0,600,300,1.307882e+02,4.288186e+02,3.537732e+01,3.246679e-01,1.363079e+02
622,0,0,600,300,1.232309e+02,4.295188e+02,3.349997e+01,3.246682e-01,1.364307e+02
623,0,0,600,300,1.197277e+02,4.298596e+02,3.263489e+01,3.246684e-01,1.364897e+02
624,0,0,600,300,1.176199e+02,4.300645e+02,3.211284e+01,3.246684e-01,1.365242e+02
625,0,0,600,300,1.307882e+02,4.288186e+02,3.537732e+01,3.246679e-01,1.363079e+02
626,0,0,600,300,1.232309e+02,4.295188e+02,3.349997e+01,3.246682e-01,1.364307e+02
627,0,0,600,300,1.197277e+02,4.298596e+02,3.263489e+01,3.246684e-01,1.364897e+02
628,0,0,600,300,1.176199e+02,4.300645e+02,3.211284e+01,3.246684e-01,1.365242e+02
629,0,0,600,300,1.307882e+02,4.288186e+02,3.537732e+01,3.246679e-01,1.363079e+02
630,0,0,600,300,1.232309e+02,4.295188e+02,3.349997e+01,3.246682e-01,1.364307e+02
631,0,0,600,300,1.197277e+02,4.298596e+02,3.263489e+01,3.246684e-01,1.364897e+02
632,0,0,600,300,1.176199e+02,4.300645e+02,3.211284e+01,3.246684e-01,1.365242e+02
633,0,0,600,300,1.307882e+02,4.288186e+02,3.537732e+01,3.246679e-01,1.363079e+02
634,0,0,600,300,1.232309e+02,4.295188e+02,3.349997e+01,3.246682e-01,1.364307e+02
635,0,0,600,300,1.197277e+02,4.298596e+02,3.263489e+01,3.246684e-01,1.364897e+02
636,0,0,600,300,1.176199e+02,4.300645e+02,3.211284e+01,3.246684e-01,1.365242e+02
637,0,0,600,300,1.307882e+02,4.288186e+02,3.537732e+01,3.246679e-01,1.363079e+02
638,0,0,600,300,1.232309e+02,4.295188e+02,3.349997e+01,3.246682e-01,1.364307e+02
639,0,0,600,300,1.197277e+02,4.298596e+02,3.263489e+01,3.246684e-01,1.364897e+02
640,0,0,600,300,1.176199e+02,4.300645e+02,3.211284e+01,3.246684e-01,1.365242e+02
641,0,0,600,300,1.307882e+02,4.288186e+02,3.537732e+01,3.246679e-01,1.363079e+02
642,0,0,600,300,1.232309e+02,4.295188e+02,3.349997e+01,3.246682e-01,1.364307e+02
643,0,0,600,300,1.197277e+02,4.298596e+02,3.263489e+01,3.246684e-01,1.364897e+02
644,0,0,600,300,1.176199e+02,4.300645e+02,3.211284e+01,3.246684e-01,1.365242e+02
645,0,0,600,300,1.314252e+02,4.310056e+02,3.599956e+01,3.242094e-01,1.367910e+02
646,0,0,600,300,1.238442e+02,4.318221e+02,3.409098e+01,3.242097e-01,1.369515e+02
647,0,0,600,300,1.203282e+02,4.322215e+02,3.321057e+01,3.242099e-01,1.370297e+02
648,0,0,600,300,1.182122e+02,4.324618e+02,3.267910e+01,3.242099e-01,1.370759e+02
649,0,0,600,300,1.314252e+02,4.310056e+02,3.599956e+01,3.242094e-01,1.367910e+02
650,0,0,600,300,1.238442e+02,4.318221e+02,3.409098e+01,3.242097e-01,1.369515e+02
651,0,0,600,300,1.203282e+02,4.322215e+02,3.321057e+01,3.242099e-01,1.370297e+02
652,0,0,600,300,1.182122e+02,4.324618e+02,3.267910e+01,3.242099e-01,1.370759e+02
653,0,0,600,300,1.314252e+02,4.310056e+02,3.599956e+01,3.242094e-01,1.367910e+02
654,0,0,600,300,1.238442e+02,4.318221e+02,3.409098e+01,3.242097e-01,1.369515e+02
655,0,0,600,300,1.203282e+02,4.322215e+02,3.321057e+01,3.242099e-01,1.370297e+02
656,0,0,600,300,1.182122e+02,4.324618e+02,3.267910e+01,3.242099e-01,1.370759e+02
657,0,0,600,300,1.314252e+02,4.310056e+02,3.599956e+01,3.242094e-01,1.367910e+02
658,0,0,600,300,1.238442e+02,4.318221e+02,3.409098e+01,3.242097e-01,1.369515e+02
659,0,0,600,300,1.203282e+02,4.322215e+02,3.321057e+01,3.242099e-01,1.370297e+02
660,0,0,600,300,1.182122e+02,4.324618e+02,3.267910e+01,3.242099e-01,1.370759e+02
661,0,0,600,300,1.314252e+02,4.310056e+02,3.599956e+01,3.242094e-01,1.367910e+02
662,0,0,600,300,1.238442e+02,4.318221e+02,3.409098e+01,3.242097e-01,1.369515e+02
663,0,0,600,300,1.203282e+02,4.322215e+02,3.321057e+01,3.242099e-01,1.370297e+02
664,0,0,600,300,1.182122e+02,4.324618e+02,3.267910e+01,3.242099e-01,1.370759e+02
665,0,0,600,300,1.314252e+02,4.310056e+02,3.599956e+01,3.242094e-01,1.367910e+02
666,0,0,600,300,1.238442e+02,4.318221e+02,3.409098e+01,3.242097e-01,1.369515e+02
667,0,0,600,300,1.203282e+02,4.322215e+02,3.321057e+01,3.242099e-01,1.370297e+02
668,0,0,600,300,1.182122e+02,4.324618e+02,3.267910e+01,3.242099e-01,1.370759e+02
669,0,0,600,300,1.314252e+02,4.310056e+02,3.599956e+01,3.242094e-01,1.367910e+02
670,0,0,600,300,1.238442e+02,4.318221e+02,3.409098e+01,3.242097e-01,1.369515e+02
671,0,0,600,300,1.203282e+02,4.322215e+02,3.321057e+01,3.242099e-01,1.370297e+02
672,0,0,600,300,1.182122e+02,4.324618e+02,3.267910e+01,3.242099e-01,1.370759e+02
673,0,0,600,300,1.245261e+02,4.278807e+02,3.280153e+01,5.815334e-01,1.350780e+02
674,0,0,600,300,1.173118e+02,4.281627e+02,3.118510e+01,5.815341e-01,1.350339e+02
675,0,0,600,300,1.139943e+02,4.282991e+02,3.044885e+01,5.815344e-01,1.350142e+02
676,0,0,600,300,1.120169e+02,4.283810e+02,3.001028e+01,5.815346e-01,1.350023e+02
677,0,0,600,300,1.245261e+02,4.278807e+02,3.280153e+01,5.815334e-01,1.350780e+02
678,0,0,600,300,1.173118e+02,4.281627e+02,3.118510e+01,5.815341e-01,1.350339e+02
679,0,0,600,300,1.139943e+02,4.282991e+02,3.044885e+01,5.815344e-01,1.350142e+02
680,0,0,600,300,1.120169e+02,4.283810e+02,3.001028e+01,5.815346e-01,1.350023e+02
681,0,0,600,300,1.245261e+02,4.278807e+02,3.280153e+01,5.815334e-01,1.350780e+02
682,0,0,600,300,1.173118e+02,4.281627e+02,3.118510e+01,5.815341e-01,1.350339e+02
683,0,0,600,300,1.139943e+02,4.282991e+02,3.044885e+01,5.815344e-01,1.350142e+02
684,0,0,600,300,1.120169e+02,4.283810e+02,3.001028e+01,5.815346e-01,1.350023e+02
685,0,0,600,300,1.245261e+02,4.278807e+02,3.280153e+01,5.815334e-01,1.350780e+02
686,0,0,600,300,1.173118e+02,4.281627e+02,3.118510e+01,5.815341e-01,1.350339e+02
687,0,0,600,300,1.139943e+02,4.282991e+02,3.044885e+01,5.815344e-01,1.350142e+02
688,0,0,600,300,1.120169e+02,4.283810e+02,3.001028e+01,5.815346e-01,1.350023e+02
689,0,0,600,300,1.245261e+02,4.278807e+02,3.280153e+01,5.815334e-01,1.350780e+02
690,0,0,600,300,1.173118e+02,4.281627e+02,3.118510e+01,5.815341e-01,1.350339e+02
691,0,0,600,300,1.139943e+02,4.282991e+02,3.044885e+01,5.815344e-01,1.350142e+02
692,0,0,600,300,1.120169e+02,4.283810e+02,3.001028e+01,5.815346e-01,1.350023e+02
693,0,0,600,300,1.245261e+02,4.278807e+02,3.280153e+01,5.815334e-01,1.350780e+02
694,0,0,600,300,1.173118e+02,4.281627e+02,3.118510e+01,5.815341e-01,1.350339e+02
695,0,0,600,300,1.139943e+02,4.282991e+02,3.044885e+01,5.815344e-01,1.350142e+02
696,0,0,600,300,1.120169e+02,4.283810e+02,3.001028e+01,5.815346e-01,1.350023e+02
697,0,0,600,300,1.245261e+02,4.278807e+02,3.280153e+01,5.815334e-01,1.350780e+02
698,0,0,600,300,1.173118e+02,4.281627e+02,3.118510e+01,5.815341e-01,1.350339e+02
699,0,0,600,300,1.139943e+02,4.282991e+02,3.044885e+01,5.815344e-01,1.350142e+02
700,0,0,600,300,1.120169e+02,4.283810e+02,3.001028e+01,5.815346e-01,1.350023e+02
701,0,0,600,300,1.313943e+02,4.274282e+02,3.421173e+01,3.362870e-01,1.356531e+02
702,0,0,600,300,1.237585e+02,4.280065e+02,3.239548e+01,3.362873e-01,1.357163e+02
703,0,0,600,300,1.202258e+02,4.282847e+02,3.156157e+01,3.362875e-01,1.357462e+02
704,0,0,600,300,1.181040e+02,4.284511e+02,3.105955e+01,3.362876e-01,1.357631e+02
705,0,0,600,300,1.313943e+02,4.274282e+02,3.421173e+01,3.362870e-01,1.356531e+02
706,0,0,600,300,1.237585e+02,4.280065e+02,3.239548e+01,3.362873e-01,1.357163e+02
707,0,0,600,300,1.202258e+02,4.282847e+02,3.156157e+01,3.362875e-01,1.357462e+02
708,0,0,600,300,1.181040e+02,4.284511e+02,3.105955e+01,3.362876e-01,1.357631e+02
709,0,0,600,300,1.313943e+02,4.274282e+02,3.421173e+01,3.362870e-01,1.356531e+02
710,0,0,600,300,1.237585e+02,4.280065e+02,3.239548e+01,3.362873e-01,1.357163e+02
711,0,0,600,300,1.202258e+02,4.282847e+02,3.156157e+01,3.362875e-01,1.357462e+02
712,0,0,600,300,1.181040e+02,4.284511e+02,3.105955e+01,3.362876e-01,1.357631e+02
713,0,0,600,300,1.313943e+02,4.274282e+02,3.421173e+01,3.362870e-01,1.356531e+02
714,0,0,600,300,1.237585e+02,4.280065e+02,3.239548e+01,3.362873e-01,1.357163e+02
715,0,0,600,300,1.202258e+02,4.282847e+02,3.156157e+01,3.362875e-01,1.357462e+02
716,0,0,600,300,1.181040e+02,4.284511e+02,3.105955e+01,3.362876e-01,1.357631e+02
717,0,0,600,300,1.313943e+02,4.274282e+02,3.421173e+01,3.362870e-01,1.356531e+02
718,0,0,600,300,1.237585e+02,4.280065e+02,3.239548e+01,3.362873e-01,1.357163e+02
719,0,0,600,300,1.202258e+02,4.282847e+02,3.156157e+01,3.362875e-01,1.357462e+02
720,0,0,600,300,1.181040e+02,4.284511e+02,3.105955e+01,3.362876e-01,1.357631e+02
721,0,0,600,300,1.313943e+02,4.274282e+02,3.421173e+01,3.362870e-01,1.356531e+02
722,0,0,600,300,1.237585e+02,4.280065e+02,3.239548e+01,3.362873e-01,1.357163e+02
723,0,0,600,300,1.202258e+02,4.282847e+02,3.156157e+01,3.362875e-01,1.357462e+02
724,0,0,600,300,1.181040e+02,4.284511e+02,3.105955e+01,3.362876e-01,1.357631e+02
725,0,0,600,300,1.313943e+02,4.274282e+02,3.421173e+01,3.362870e-01,1.356531e+02
726,0,0,600,300,1.237585e+02,4.280065e+02,3.239548e+01,3.362873e-01,1.357163e+02
727,0,0,600,300,1.202258e+02,4.282847e+02,3.156157e+01,3.362875e-01,1.357462e+02
728,0,0,600,300,1.181040e+02,4.284511e+02,3.105955e+01,3.362876e-01,1.357631e+02
729,0,0,600,300,1.336424e+02,4.295305e+02,3.536716e+01,3.245989e-01,1.363765e+02
730,0,0,600,300,1.259195e+02,4.302822e+02,3.348872e+01,3.245993e-01,1.365090e+02
731,0,0,600,300,1.223385e+02,4.306464e+02,3.262282e+01,3.245994e-01,1.365723e+02
732,0,0,600,300,1.201844e+02,4.308647e+02,3.210012e+01,3.245995e-01,1.366092e+02
733,0,0,600,300,1.336424e+02,4.295305e+02,3.536716e+01,3.245989e-01,1.363765e+02
734,0,0,600,300,1.259195e+02,4.302822e+02,3.348872e+01,3.245993e-01,1.365090e+02
735,0,0,600,300,1.223385e+02,4.306464e+02,3.262282e+01,3.245994e-01,1.365723e+02
736,0,0,600,300,1.201844e+02,4.308647e+02,3.210012e+01,3.245995e-01,1.366092e+02
737,0,0,600,300,1.336424e+02,4.295305e+02,3.536716e+01,3.245989e-01,1.363765e+02
738,0,0,600,300,1.259195e+02,4.302822e+02,3.348872e+01,3.245993e-01,1.365090e+02
739,0,0,600,300,1.223385e+02,4.306464e+02,3.262282e+01,3.245994e-01,1.365723e+02
740,0,0,600,300,1.201844e+02,4.308647e+02,3.210012e+01,3.245995e-01,1.366092e+02
741,0,0,600,300,1.336424e+02,4.295305e+02,3.536716e+01,3.245989e-01,1.363765e+02
742,0,0,600,300,1.259195e+02,4.302822e+02,3.348872e+01,3.245993e-01,1.365090e+02
743,0,0,600,300,1.223385e+02,4.306464e+02,3.262282e+01,3.245994e-01,1.365723e+02
744,0,0,600,300,1.201844e+02,4.308647e+02,3.210012e+01,3.245995e-01,1.366092e+02
745,0,0,600,300,1.336424e+02,4.295305e+02,3.536716e+01,3.245989e-01,1.363765e+02
746,0,0,600,300,1.259195e+02,4.302822e+02,3.348872e+01,3.245993e-01,1.365090e+02
747,0,0,600,300,1.223385e+02,4.306464e+02,3.262282e+01,3.245994e-01,1.365723e+02
748,0,0,600,300,1.201844e+02,4.308647e+02,3.210012e+01,3.245995e-01,1.366092e+02
749,0,0,600,300,1.336424e+02,4.295305e+02,3.536716e+01,3.245989e-01,1.363765e+02
750,0,0,600,300,1.259195e+02,4.302822e+02,3.348872e+01,3.245993e-01,1.365090e+02
751,0,0,600,300,1.223385e+02,4.306464e+02,3.262282e+01,3.245994e-01,1.365723e+02
752,0,0,600,300,1.201844e+02,4.308647e+02,3.210012e+01,3.245995e-01,1.366092e+02
753,0,0,600,300,1.336424e+02,4.295305e+02,3.536716e+01,3.245989e-01,1.363765e+02
754,0,0,600,300,1.259195e+02,4.302822e+02,3.348872e+01,3.245993e-01,1.365090e+02
755,0,0,600,300,1.223385e+02,4.306464e+02,3.262282e+01,3.245994e-01,1.365723e+02
756,0,0,600,300,1.201844e+02,4.308647e+02,3.210012e+01,3.245995e-01,1.366092e+02
757,0,0,600,300,1.342504e+02,4.318662e+02,3.596240e+01,3.241577e-01,1.369138e+02
758,0,0,600,300,1.265050e+02,4.327471e+02,3.405440e+01,3.241581e-01,1.370867e+02
759,0,0,600,300,1.229119e+02,4.331760e+02,3.317396e+01,3.241582e-01,1.371702e+02
760,0,0,600,300,1.207498e+02,4.334336e+02,3.264233e+01,3.241583e-01,1.372196e+02
761,0,0,600,300,1.342504e+02,4.318662e+02,3.596240e+01,3.241577e-01,1.369138e+02
762,0,0,600,300,1.265050e+02,4.327471e+02,3.405440e+01,3.241581e-01,1.370867e+02
763,0,0,600,300,1.229119e+02,4.331760e+02,3.317396e+01,3.241582e-01,1.371702e+02
764,0,0,600,300,1.207498e+02,4.334336e+02,3.264233e+01,3.241583e-01,1.372196e+02
765,0,0,600,300,1.342504e+02,4.318662e+02,3.596240e+01,3.241577e-01,1.369138e+02
766,0,0,600,300,1.265050e+02,4.327471e+02,3.405440e+01,3.241581e-01,1.370867e+02
767,0,0,600,300,1.229119e+02,4.331760e+02,3.317396e+01,3.241582e-01,1.371702e+02
768,0,0,600,300,1.207498e+02,4.334336e+02,3.264233e+01,3.241583e-01,1.372196e+02
769,0,0,600,300,1.342504e+02,4.318662e+02,3.596240e+01,3.241577e-01,1.369138e+02
770,0,0,600,300,1.265050e+02,4.327471e+02,3.405440e+01,3.241581e-01,1.370867e+02
771,0,0,600,300,1.229119e+02,4.331760e+02,3.317396e+01,3.241582e-01,1.371702e+02
772,0,0,600,300,1.207498e+02,4.334336e+02,3.264233e+01,3.241583e-01,1.372196e+02
773,0,0,600,300,1.342504e+02,4.318662e+02,3.596240e+01,3.241577e-01,1.369138e+02
774,0,0,600,300,1.265050e+02,4.327471e+02,3.405440e+01,3.241581e-01,1.370867e+02
775,0,0,600,300,1.229119e+02,4.331760e+02,3.317396e+01,3.241582e-01,1.371702e+02
776,0,0,600,300,1.207498e+02,4.334336e+02,3.264233e+01,3.241583e-01,1.372196e+02
777,0,0,600,300,1.342504e+02,4.318662e+02,3.596240e+01,3.241577e-01,1.369138e+02
778,0,0,600,300,1.265050e+02,4.327471e+02,3.405440e+01,3.241581e-01,1.370867e+02
779,0,0,600,300,1.229119e+02,4.331760e+02,3.317396e+01,3.241582e-01,1.371702e+02
780,0,0,600,300,1.207498e+02,4.334336e+02,3.264233e+01,3.241583e-01,1.372196e+02
781,0,0,600,300,1.342504e+02,4.318662e+02,3.596240e+01,3.241577e-01,1.369138e+02
782,0,0,600,300,1.265050e+02,4.327471e+02,3.405440e+01,3.241581e-01,1.370867e+02
783,0,0,600,300,1.229119e+02,4.331760e+02,3.317396e+01,3.241582e-01,1.371702e+02
784,0,0,600,300,1.207498e+02,4.334336e+02,3.264233e+01,3.241583e-01,1.372196e+02
785,0,0,600,300,1.276711e+02,4.280028e+02,3.278460e+01,5.804076e-01,1.349007e+02
786,0,0,600,300,1.202540e+02,4.283068e+02,3.115012e+01,5.804083e-01,1.348591e+02
787,0,0,600,300,1.168411e+02,4.284530e+02,3.040523e+01,5.804086e-01,1.348406e+02
788,0,0,600,300,1.148064e+02,4.285406e+02,2.996127e+01,5.804088e-01,1.348293e+02
789,0,0,600,300,1.276711e+02,4.280028e+02,3.278460e+01,5.804076e-01,1.349007e+02
790,0,0,600,300,1.202540e+02,4.283068e+02,3.115012e+01,5.804083e-01,1.348591e+02
791,0,0,600,300,1.168411e+02,4.284530e+02,3.040523e+01,5.804086e-01,1.348406e+02
792,0,0,600,300,1.148064e+02,4.285406e+02,2.996127e+01,5.804088e-01,1.348293e+02
793,0,0,600,300,1.276711e+02,4.280028e+02,3.278460e+01,5.804076e-01,1.349007e+02
794,0,0,600,300,1.202540e+02,4.283068e+02,3.115012e+01,5.804083e-01,1.348591e+02
795,0,0,600,300,1.168411e+02,4.284530e+02,3.040523e+01,5.804086e-01,1.348406e+02
796,0,0,600,300,1.148064e+02,4.285406e+02,2.996127e+01,5.804088e-01,1.348293e+02
797,0,0,600,300,1.276711e+02,4.280028e+02,3.278460e+01,5.804076e-01,1.349007e+02
798,0,0,600,300,1.202540e+02,4.283068e+02,3.115012e+01,5.804083e-01,1.348591e+02
799,0,0,600,300,1.168411e+02,4.284530e+02,3.040523e+01,5.804086e-01,1.348406e+02
800,0,0,600,300,1.148064e+02,4.285406e+02,2.996127e+01,5.804088e-01,1.348293e+02
801,0,0,600,300,1.276711e+02,4.280028e+02,3.278460e+01,5.804076e-01,1.349007e+02
802,0,0,600,300,1.202540e+02,4.283068e+02,3.115012e+01,5.804083e-01,1.348591e+02
803,0,0,600,300,1.168411e+02,4.284530e+02,3.040523e+01,5.804086e-01,1.348406e+02
804,0,0,600,300,1.148064e+02,4.285406e+02,2.996127e+01,5.804088e-01,1.348293e+02
805,0,0,600,300,1.276711e+02,4.280028e+02,3.278460e+01,5.804076e-01,1.349007e+02
806,0,0,600,300,1.202540e+02,4.283068e+02,3.115012e+01,5.804083e-01,1.348591e+02
807,0,0,600,300,1.168411e+02,4.284530e+02,3.040523e+01,5.804086e-01,1.348406e+02
808,0,0,600,300,1.148064e+02,4.285406e+02,2.996127e+01,5.804088e-01,1.348293e+02
809,0,0,600,300,1.276711e+02,4.280028e+02,3.278460e+01,5.804076e-01,1.349007e+02
810,0,0,600,300,1.202540e+02,4.283068e+02,3.115012e+01,5.804083e-01,1.348591e+02
811,0,0,600,300,1.168411e+02,4.284530e+02,3.040523e+01,5.804086e-01,1.348406e+02
812,0,0,600,300,1.148064e+02,4.285406e+02,2.996127e+01,5.804088e-01,1.348293e+02
813,0,0,600,300,1.347141e+02,4.280304e+02,3.427022e+01,3.360885e-01,1.356384e+02
814,0,0,600,300,1.268840e+02,4.286536e+02,3.244592e+01,3.360889e-01,1.357104e+02
815,0,0,600,300,1.232598e+02,4.289521e+02,3.160787e+01,3.360891e-01,1.357442e+02
816,0,0,600,300,1.210833e+02,4.291303e+02,3.110317e+01,3.360892e-01,1.357633e+02
817,0,0,600,300,1.347141e+02,4.280304e+02,3.427022e+01,3.360885e-01,1.356384e+02
818,0,0,600,300,1.268840e+02,4.286536e+02,3.244592e+01,3.360889e-01,1.357104e+02
819,0,0,600,300,1.232598e+02,4.289521e+02,3.160787e+01,3.360891e-01,1.357442e+02
820,0,0,600,300,1.210833e+02,4.291303e+02,3.110317e+01,3.360892e-01,1.357633e+02
821,0,0,600,300,1.347141e+02,4.280304e+02,3.427022e+01,3.360885e-01,1.356384e+02
822,0,0,600,300,1.268840e+02,4.286536e+02,3.244592e+01,3.360889e-01,1.357104e+02
823,0,0,600,300,1.232598e+02,4.289521e+02,3.160787e+01,3.360891e-01,1.357442e+02
824,0,0,600,300,1.210833e+02,4.291303e+02,3.110317e+01,3.360892e-01,1.357633e+02
825,0,0,600,300,1.347141e+02,4.280304e+02,3.427022e+01,3.360885e-01,1.356384e+02
826,0,0,600,300,1.268840e+02,4.286536e+02,3.244592e+01,3.360889e-01,1.357104e+02
827,0,0,600,300,1.232598e+02,4.289521e+02,3.160787e+01,3.360891e-01,1.357442e+02
828,0,0,600,300,1.210833e+02,4.291303e+02,3.110317e+01,3.360892e-01,1.357633e+02
829,0,0,600,300,1.347141e+02,4.280304e+02,3.427022e+01,3.360885e-01,1.356384e+02
830,0,0,600,300,1.268840e+02,4.286536e+02,3.244592e+01,3.360889e-01,1.357104e+02
831,0,0,600,300,1.232598e+02,4.289521e+02,3.160787e+01,3.360891e-01,1.357442e+02
832,0,0,600,300,1.210833e+02,4.291303e+02,3.110317e+01,3.360892e-01,1.357633e+02
833,0,0,600,300,1.347141e+02,4.280304e+02,3.427022e+01,3.360885e-01,1.356384e+02
834,0,0,600,300,1.268840e+02,4.286536e+02,3.244592e+01,3.360889e-01,1.357104e+02
835,0,0,600,300,1.232598e+02,4.289521e+02,3.160787e+01,3.360891e-01,1.357442e+02
836,0,0,600,300,1.210833e+02,4.291303e+02,3.110317e+01,3.360892e-01,1.357633e+02
837,0,0,600,300,1.347141e+02,4.280304e+02,3.427022e+01,3.360885e-01,1.356384e+02
838,0,0,600,300,1.268840e+02,4.286536e+02,3.244592e+01,3.360889e-01,1.357104e+02
839,0,0,600,300,1.232598e+02,4.289521e+02,3.160787e+01,3.360891e-01,1.357442e+02
840,0,0,600,300,1.210833e+02,4.291303e+02,3.110317e+01,3.360892e-01,1.357633e+02
841,0,0,600,300,1.368917e+02,4.303874e+02,3.539840e+01,3.245636e-01,1.364691e+02
842,0,0,600,300,1.289780e+02,4.312036e+02,3.351549e+01,3.245640e-01,1.366139e+02
843,0,0,600,300,1.253074e+02,4.315971e+02,3.264716e+01,3.245641e-01,1.366826e+02
844,0,0,600,300,1.230998e+02,4.318329e+02,3.212287e+01,3.245642e-01,1.367226e+02
845,0,0,600,300,1.368917e+02,4.303874e+02,3.539840e+01,3.245636e-01,1.364691e+02
846,0,0,600,300,1.289780e+02,4.312036e+02,3.351549e+01,3.245640e-01,1.366139e+02
847,0,0,600,300,1.253074e+02,4.315971e+02,3.264716e+01,3.245641e-01,1.366826e+02
848,0,0,600,300,1.230998e+02,4.318329e+02,3.212287e+01,3.245642e-01,1.367226e+02
849,0,0,600,300,1.368917e+02,4.303874e+02,3.539840e+01,3.245636e-01,1.364691e+02
850,0,0,600,300,1.289780e+02,4.312036e+02,3.351549e+01,3.245640e-01,1.366139e+02
851,0,0,600,300,1.253074e+02,4.315971e+02,3.264716e+01,3.245641e-01,1.366826e+02
852,0,0,600,300,1.230998e+02,4.318329e+02,3.212287e+01,3.245642e-01,1.367226e+02
853,0,0,600,300,1.368917e+02,4.303874e+02,3.539840e+01,3.245636e-01,1.364691e+02
854,0,0,600,300,1.289780e+02,4.312036e+02,3.351549e+01,3.245640e-01,1.366139e+02
855,0,0,600,300,1.253074e+02,4.315971e+02,3.264716e+01,3.245641e-01,1.366826e+02
856,0,0,600,300,1.230998e+02,4.318329e+02,3.212287e+01,3.245642e-01,1.367226e+02
857,0,0,600,300,1.368917e+02,4.303874e+02,3.539840e+01,3.245636e-01,1.364691e+02
858,0,0,600,300,1.289780e+02,4.312036e+02,3.351549e+01,3.245640e-01,1.366139e+02
859,0,0,600,300,1.253074e+02,4.315971e+02,3.264716e+01,3.245641e-01,1.366826e+02
860,0,0,600,300,1.230998e+02,4.318329e+02,3.212287e+01,3.245642e-01,1.367226e+02
861,0,0,600,300,1.368917e+02,4.303874e+02,3.539840e+01,3.245636e-01,1.364691e+02
862,0,0,600,300,1.289780e+02,4.312036e+02,3.351549e+01,3.245640e-01,1.366139e+02
863,0,0,600,300,1.253074e+02,4.315971e+02,3.264716e+01,3.245641e-01,1.366826e+02
864,0,0,600,300,1.230998e+02,4.318329e+02,3.212287e+01,3.245642e-01,1.367226e+02
865,0,0,600,300,1.368917e+02,4.303874e+02,3.539840e+01,3.245636e-01,1.364691e+02
866,0,0,600,300,1.289780e+02,4.312036e+02,3.351549e+01,3.245640e-01,1.366139e+02
867,0,0,600,300,1.253074e+02,4.315971e+02,3.264716e+01,3.245641e-01,1.366826e+02
868,0,0,600,300,1.230998e+02,4.318329e+02,3.212287e+01,3.245642e-01,1.367226e+02
869,0,0,600,300,1.374672e+02,4.329024e+02,3.596871e+01,3.241394e-01,1.370672e+02
870,0,0,600,300,1.295322e+02,4.338654e+02,3.405769e+01,3.241397e-01,1.372561e+02
871,0,0,600,300,1.258501e+02,4.343323e+02,3.317552e+01,3.241399e-01,1.373468e+02
872,0,0,600,300,1.236350e+02,4.346126e+02,3.264272e+01,3.241400e-01,1.374003e+02
873,0,0,600,300,1.374672e+02,4.329024e+02,3.596871e+01,3.241394e-01,1.370672e+02
874,0,0,600,300,1.295322e+02,4.338654e+02,3.405769e+01,3.241397e-01,1.372561e+02
875,0,0,600,300,1.258501e+02,4.343323e+02,3.317552e+01,3.241399e-01,1.373468e+02
876,0,0,600,300,1.236350e+02,4.346126e+02,3.264272e+01,3.241400e-01,1.374003e+02
877,0,0,600,300,1.374672e+02,4.329024e+02,3.596871e+01,3.241394e-01,1.370672e+02
878,0,0,600,300,1.295322e+02,4.338654e+02,3.405769e+01,3.241397e-01,1.372561e+02
879,0,0,600,300,1.258501e+02,4.343323e+02,3.317552e+01,3.241399e-01,1.373468e+02
880,0,0,600,300,1.236350e+02,4.346126e+02,3.264272e+01,3.241400e-01,1.374003e+02
881,0,0,600,300,1.374672e+02,4.329024e+02,3.596871e+01,3.241394e-01,1.370672e+02
882,0,0,600,300,1.295322e+02,4.338654e+02,3.405769e+01,3.241397e-01,1.372561e+02
883,0,0,600,300,1.258501e+02,4.343323e+02,3.317552e+01,3.241399e-01,1.373468e+02
884,0,0,600,300,1.236350e+02,4.346126e+02,3.264272e+01,3.241400e-01,1.374003e+02
885,0,0,600,300,1.374672e+02,4.329024e+02,3.596871e+01,3.241394e-01,1.370672e+02
886,0,0,600,300,1.295322e+02,4.338654e+02,3.405769e+01,3.241397e-01,1.372561e+02
887,0,0,600,300,1.258501e+02,4.343323e+02,3.317552e+01,3.241399e-01,1.373468e+02
888,0,0,600,300,1.236350e+02,4.346126e+02,3.264272e+01,3.241400e-01,1.374003e+02
889,0,0,600,300,1.374672e+02,4.329024e+02,3.596871e+01,3.241394e-01,1.370672e+02
890,0,0,600,300,1.295322e+02,4.338654e+02,3.405769e+01,3.241397e-01,1.372561e+02
891,0,0,600,300,1.258501e+02,4.343323e+02,3.317552e+01,3.241399e-01,1.373468e+02
892,0,0,600,300,1.236350e+02,4.346126e+02,3.264272e+01,3.241400e-01,1.374003e+02
893,0,0,600,300,1.374672e+02,4.329024e+02,3.596871e+01,3.241394e-01,1.370672e+02
894,0,0,600,300,1.295322e+02,4.338654e+02,3.405769e+01,3.241397e-01,1.372561e+02
895,0,0,600,300,1.258501e+02,4.343323e+02,3.317552e+01,3.241399e-01,1.373468e+02
896,0,0,600,300,1.236350e+02,4.346126e+02,3.264272e+01,3.241400e-01,1.374003e+02
897,0,0,600,300,1.312414e+02,4.281617e+02,3.278951e+01,5.792220e-01,1.347120e+02
898,0,0,600,300,1.235940e+02,4.284921e+02,3.113394e+01,5.792226e-01,1.346739e+02
899,0,0,600,300,1.200727e+02,4.286501e+02,3.037895e+01,5.792229e-01,1.346568e+02
900,0,0,600,300,1.179730e+02,4.287053e+02,2.992873e+01,5.792231e-01,1.346355e+02
901,0,0,600,300,1.312414e+02,4.281617e+02,3.278951e+01,5.792220e-01,1.347120e+02
902,0,0,600,300,1.235940e+02,4.284921e+02,3.113394e+01,5.792226e-01,1.346739e+02
903,0,0,600,300,1.200727e+02,4.286501e+02,3.037895e+01,5.792229e-01,1.346568e+02
904,0,0,600,300,1.179730e+02,4.287053e+02,2.992873e+01,5.792231e-01,1.346355e+02
905,0,0,600,300,1.312414e+02,4.281617e+02,3.278951e+01,5.792220e-01,1.347120e+02
906,0,0,600,300,1.235940e+02,4.284921e+02,3.113394e+01,5.792226e-01,1.346739e+02
907,0,0,600,300,1.200727e+02,4.286501e+02,3.037895e+01,5.792229e-01,1.346568e+02
908,0,0,600,300,1.179730e+02,4.287053e+02,2.992873e+01,5.792231e-01,1.346355e+02
909,0,0,600,300,1.312414e+02,4.281617e+02,3.278951e+01,5.792220e-01,1.347120e+02
910,0,0,600,300,1.235940e+02,4.284921e+02,3.113394e+01,5.792226e-01,1.346739e+02
911,0,0,600,300,1.200727e+02,4.286501e+02,3.037895e+01,5.792229e-01,1.346568e+02
912,0,0,600,300,1.179730e+02,4.287053e+02,2.992873e+01,5.792231e-01,1.346355e+02
913,0,0,600,300,1.312414e+02,4.281617e+02,3.278951e+01,5.792220e-01,1.347120e+02
914,0,0,600,300,1.235940e+02,4.284921e+02,3.113394e+01,5.792226e-01,1.346739e+02
915,0,0,600,300,1.200727e+02,4.286501e+02,3.037895e+01,5.792229e-01,1.346568e+02
916,0,0,600,300,1.179730e+02,4.287053e+02,2.992873e+01,5.792231e-01,1.346355e+02
917,0,0,600,300,1.312414e+02,4.281617e+02,3.278951e+01,5.792220e-01,1.347120e+02
918,0,0,600,300,1.235940e+02,4.284921e+02,3.113394e+01,5.792226e-01,1.346739e+02
919,0,0,600,300,1.200727e+02,4.286501e+02,3.037895e+01,5.792229e-01,1.346568e+02
920,0,0,600,300,1.179730e+02,4.287053e+02,2.992873e+01,5.792231e-01,1.346355e+02
921,0,0,600,300,1.312414e+02,4.281617e+02,3.278951e+01,5.792220e-01,1.347120e+02
922,0,0,600,300,1.235940e+02,4.284921e+02,3.113394e+01,5.792226e-01,1.346739e+02
923,0,0,600,300,1.200727e+02,4.286501e+02,3.037895e+01,5.792229e-01,1.346568e+02
924,0,0,600,300,1.179730e+02,4.287053e+02,2.992873e+01,5.792231e-01,1.346355e+02
925,0,0,600,300,1.383902e+02,4.287326e+02,3.434410e+01,3.359225e-01,1.356369e+02
926,0,0,600,300,1.303423e+02,4.294093e+02,3.251002e+01,3.359228e-01,1.357193e+02
927,0,0,600,300,1.266155e+02,4.297320e+02,3.166700e+01,3.359230e-01,1.357577e+02
928,0,0,600,300,1.243778e+02,4.299244e+02,3.115915e+01,3.359231e-01,1.357794e+02
929,0,0,600,300,1.383902e+02,4.287326e+02,3.434410e+01,3.359225e-01,1.356369e+02
930,0,0,600,300,1.303423e+02,4.294093e+02,3.251002e+01,3.359228e-01,1.357193e+02
931,0,0,600,300,1.266155e+02,4.297320e+02,3.166700e+01,3.359230e-01,1.357577e+02
932,0,0,600,300,1.243778e+02,4.299244e+02,3.115915e+01,3.359231e-01,1.357794e+02
933,0,0,600,300,1.383902e+02,4.287326e+02,3.434410e+01,3.359225e-01,1.356369e+02
934,0,0,600,300,1.303423e+02,4.294093e+02,3.251002e+01,3.359228e-01,1.357193e+02
935,0,0,600,300,1.266155e+02,4.297320e+02,3.166700e+01,3.359230e-01,1.357577e+02
936,0,0,600,300,1.243778e+02,4.299244e+02,3.115915e+01,3.359231e-01,1.357794e+02
937,0,0,600,300,1.383902e+02,4.287326e+02,3.434410e+01,3.359225e-01,1.356369e+02
938,0,0,600,300,1.303423e+02,4.294093e+02,3.251002e+01,3.359228e-01,1.357193e+02
939,0,0,600,300,1.266155e+02,4.297320e+02,3.166700e+01,3.359230e-01,1.357577e+02
940,0,0,600,300,1.243778e+02,4.299244e+02,3.115915e+01,3.359231e-01,1.357794e+02
941,0,0,600,300,1.383902e+02,4.287326e+02,3.434410e+01,3.359225e-01,1.356369e+02
942,0,0,600,300,1.303423e+02,4.294093e+02,3.251002e+01,3.359228e-01,1.357193e+02
943,0,0,600,300,1.266155e+02,4.297320e+02,3.166700e+01,3.359230e-01,1.357577e+02
944,0,0,600,300,1.243778e+02,4.299244e+02,3.115915e+01,3.359231e-01,1.357794e+02
945,0,0,600,300,1.383902e+02,4.287326e+02,3.434410e+01,3.359225e-01,1.356369e+02
946,0,0,600,300,1.303423e+02,4.294093e+02,3.251002e+01,3.359228e-01,1.357193e+02
947,0,0,600,300,1.266155e+02,4.297320e+02,3.166700e+01,3.359230e-01,1.357577e+02
948,0,0,600,300,1.243778e+02,4.299244e+02,3.115915e+01,3.359231e-01,1.357794e+02
949,0,0,600,300,1.383902e+02,4.287326e+02,3.434410e+01,3.359225e-01,1.356369e+02
950,0,0,600,300,1.303423e+02,4.294093e+02,3.251002e+01,3.359228e-01,1.357193e+02
951,0,0,600,300,1.266155e+02,4.297320e+02,3.166700e+01,3.359230e-01,1.357577e+02
952,0,0,600,300,1.243778e+02,4.299244e+02,3.115915e+01,3.359231e-01,1.357794e+02
953,0,0,600,300,1.404793e+02,4.313813e+02,3.544037e+01,3.245536e-01,1.365834e+02
954,0,0,600,300,1.323518e+02,4.322759e+02,3.355123e+01,3.245539e-01,1.367429e+02
955,0,0,600,300,1.285809e+02,4.327058e+02,3.267963e+01,3.245541e-01,1.368183e+02
956,0,0,600,300,1.263135e+02,4.329631e+02,3.215328e+01,3.245542e-01,1.368623e+02
957,0,0,600,300,1.404793e+02,4.313813e+02,3.544037e+01,3.245536e-01,1.365834e+02
958,0,0,600,300,1.323518e+02,4.322759e+02,3.355123e+01,3.245539e-01,1.367429e+02
959,0,0,600,300,1.285809e+02,4.327058e+02,3.267963e+01,3.245541e-01,1.368183e+02
960,0,0,600,300,1.263135e+02,4.329631e+02,3.215328e+01,3.245542e-01,1.368623e+02
961,0,0,600,300,1.404793e+02,4.313813e+02,3.544037e+01,3.245536e-01,1.365834e+02
962,0,0,600,300,1.323518e+02,4.322759e+02,3.355123e+01,3.245539e-01,1.367429e+02
963,0,0,600,300,1.285809e+02,4.327058e+02,3.267963e+01,3.245541e-01,1.368183e+02
964,0,0,600,300,1.263135e+02,4.329631e+02,3.215328e+01,3.245542e-01,1.368623e+02
965,0,0,600,300,1.404793e+02,4.313813e+02,3.544037e+01,3.245536e-01,1.365834e+02
966,0,0,600,300,1.323518e+02,4.322759e+02,3.355123e+01,3.245539e-01,1.367429e+02
967,0,0,600,300,1.285809e+02,4.327058e+02,3.267963e+01,3.245541e-01,1.368183e+02
968,0,0,600,300,1.263135e+02,4.329631e+02,3.215328e+01,3.245542e-01,1.368623e+02
969,0,0,600,300,1.404793e+02,4.313813e+02,3.544037e+01,3.245536e-01,1.365834e+02
970,0,0,600,300,1.323518e+02,4.322759e+02,3.355123e+01,3.245539e-01,1.367429e+02
971,0,0,600,300,1.285809e+02,4.327058e+02,3.267963e+01,3.245541e-01,1.368183e+02
972,0,0,600,300,1.263135e+02,4.329631e+02,3.215328e+01,3.245542e-01,1.368623e+02
973,0,0,600,300,1.404793e+02,4.313813e+02,3.544037e+01,3.245536e-01,1.365834e+02
974,0,0,600,300,1.323518e+02,4.322759e+02,3.355123e+01,3.245539e-01,1.367429e+02
975,0,0,600,300,1.285809e+02,4.327058e+02,3.267963e+01,3.245541e-01,1.368183e+02
976,0,0,600,300,1.263135e+02,4.329631e+02,3.215328e+01,3.245542e-01,1.368623e+02
977,0,0,600,300,1.404793e+02,4.313813e+02,3.544037e+01,3.245536e-01,1.365834e+02
978,0,0,600,300,1.323518e+02,4.322759e+02,3.355123e+01,3.245539e-01,1.367429e+02
979,0,0,600,300,1.285809e+02,4.327058e+02,3.267963e+01,3.245541e-01,1.368183e+02
980,0,0,600,300,1.263135e+02,4.329631e+02,3.215328e+01,3.245542e-01,1.368623e+02
981,0,0,600,300,1.410205e+02,4.341066e+02,3.598695e+01,3.241437e-01,1.372468e+02
982,0,0,600,300,1.328729e+02,4.351726e+02,3.407099e+01,3.241440e-01,1.374555e+02
983,0,0,600,300,1.290911e+02,4.356883e+02,3.318618e+01,3.241442e-01,1.375553e+02
984,0,0,600,300,1.268168e+02,4.359979e+02,3.265171e+01,3.241443e-01,1.376142e+02
985,0,0,600,300,1.410205e+02,4.341066e+02,3.598695e+01,3.241437e-01,1.372468e+02
986,0,0,600,300,1.328729e+02,4.351726e+02,3.407099e+01,3.241440e-01,1.374555e+02
987,0,0,600,300,1.290911e+02,4.356883e+02,3.318618e+01,3.241442e-01,1.375553e+02
988,0,0,600,300,1.268168e+02,4.359979e+02,3.265171e+01,3.241443e-01,1.376142e+02
989,0,0,600,300,1.410205e+02,4.341066e+02,3.598695e+01,3.241437e-01,1.372468e+02
990,0,0,600,300,1.328729e+02,4.351726e+02,3.407099e+01,3.241440e-01,1.374555e+02
991,0,0,600,300,1.290911e+02,4.356883e+02,3.318618e+01,3.241442e-01,1.375553e+02
992,0,0,600,300,1.268168e+02,4.359979e+02,3.265171e+01,3.241443e-01,1.376142e+02
993,0,0,600,300,1.410205e+02,4.341066e+02,3.598695e+01,3.241437e-01,1.372468e+02
994,0,0,600,300,1.328729e+02,4.351726e+02,3.407099e+01,3.241440e-01,1.374555e+02
995,0,0,600,300,1.290911e+02,4.356883e+02,3.318618e+01,3.241442e-01,1.375553e+02
996,0,0,600,300,1.268168e+02,4.359979e+02,3.265171e+01,3.241443e-01,1.376142e+02
997,0,0,600,300,1.410205e+02,4.341066e+02,3.598695e+01,3.241437e-01,1.372468e+02
998,0,0,600,300,1.328729e+02,4.351726e+02,3.407099e+01,3.241440e-01,1.374555e+02
999,0,0,600,300,1.290911e+02,4.356883e+02,3.318618e+01,3.241442e-01,1.375553e+02
1000,0,0,600,300,1.268168e+02,4.359979e+02,3.265171e+01,3.241443e-01,1.376142e+02
1001,0,0,600,300,1.410205e+02,4.341066e+02,3.598695e+01,3.241437e-01,1.372468e+02
1002,0,0,600,300,1.328729e+02,4.351726e+02,3.407099e+01,3.241440e-01,1.374555e+02
1003,0,0,600,300,1.290911e+02,4.356883e+02,3.318618e+01,3.241442e-01,1.375553e+02
1004,0,0,600,300,1.268168e+02,4.359979e+02,3.265171e+01,3.241443e-01,1.376142e+02
1005,0,0,600,300,1.410205e+02,4.341066e+02,3.598695e+01,3.241437e-01,1.372468e+02
1006,0,0,600,300,1.328729e+02,4.351726e+02,3.407099e+01,3.241440e-01,1.374555e+02
1007,0,0,600,300,1.290911e+02,4.356883e+02,3.318618e+01,3.241442e-01,1.375553e+02
1008,0,0,600,300,1.268168e+02,4.359979e+02,3.265171e+01,3.241443e-01,1.376142e+02
1009,0,0,600,300,1.353201e+02,4.283607e+02,3.282413e+01,5.779884e-01,1.345101e+02
1010,0,0,600,300,1.274094e+02,4.286821e+02,3.114376e+01,5.779890e-01,1.344654e+02
1011,0,0,600,300,1.237640e+02,4.288514e+02,3.037688e+01,5.779893e-01,1.344496e+02
1012,0,0,600,300,1.215900e+02,4.289523e+02,2.991932e+01,5.779895e-01,1.344399e+02
1013,0,0,600,300,1.353201e+02,4.283607e+02,3.282413e+01,5.779884e-01,1.345101e+02
1014,0,0,600,300,1.274094e+02,4.286821e+02,3.114376e+01,5.779890e-01,1.344654e+02
1015,0,0,600,300,1.237640e+02,4.288514e+02,3.037688e+01,5.779893e-01,1.344496e+02
1016,0,0,600,300,1.215900e+02,4.289523e+02,2.991932e+01,5.779895e-01,1.344399e+02
1017,0,0,600,300,1.353201e+02,4.283607e+02,3.282413e+01,5.779884e-01,1.345101e+02
1018,0,0,600,300,1.274094e+02,4.286821e+02,3.114376e+01,5.779890e-01,1.344654e+02
1019,0,0,600,300,1.237640e+02,4.288514e+02,3.037688e+01,5.779893e-01,1.344496e+02
1020,0,0,600,300,1.215900e+02,4.289523e+02,2.991932e+01,5.779895e-01,1.344399e+02
1021,0,0,600,300,1.353201e+02,4.283607e+02,3.282413e+01,5.779884e-01,1.345101e+02
1022,0,0,600,300,1.274094e+02,4.286821e+02,3.114376e+01,5.779890e-01,1.344654e+02
1023,0,0,600,300,1.237640e+02,4.288514e+02,3.037688e+01,5.779893e-01,1.344496e+02
1024,0,0,600,300,1.215900e+02,4.289523e+02,2.991932e+01,5.779895e-01,1.344399e+02
1025,0,0,600,300,1.353201e+02,4.283607e+02,3.282413e+01,5.779884e-01,1.345101e+02
1026,0,0,600,300,1.274094e+02,4.286821e+02,3.114376e+01,5.779890e-01,1.344654e+02
1027,0,0,600,300,1.237640e+02,4.288514e+02,3.037688e+01,5.779893e-01,1.344496e+02
1028,0,0,600,300,1.215900e+02,4.289523e+02,2.991932e+01,5.779895e-01,1.344399e+02
1029,0,0,600,300,1.353201e+02,4.283607e+02,3.282413e+01,5.779884e-01,1.345101e+02
1030,0,0,600,300,1.274094e+02,4.286821e+02,3.114376e+01,5.779890e-01,1.344654e+02
1031,0,0,600,300,1.237640e+02,4.288514e+02,3.037688e+01,5.779893e-01,1.344496e+02
1032,0,0,600,300,1.215900e+02,4.289523e+02,2.991932e+01,5.779895e-01,1.344399e+02
1033,0,0,600,300,1.353201e+02,4.283607e+02,3.282413e+01,5.779884e-01,1.345101e+02
1034,0,0,600,300,1.274094e+02,4.286821e+02,3.114376e+01,5.779890e-01,1.344654e+02
1035,0,0,600,300,1.237640e+02,4.288514e+02,3.037688e+01,5.779893e-01,1.344496e+02
1036,0,0,600,300,1.215900e+02,4.289523e+02,2.991932e+01,5.779895e-01,1.344399e+02
1037,0,0,600,300,1.424804e+02,4.295445e+02,3.443621e+01,3.358017e-01,1.356492e+02
1038,0,0,600,300,1.341867e+02,4.302849e+02,3.259015e+01,3.358021e-01,1.357436e+02
1039,0,0,600,300,1.303441e+02,4.306368e+02,3.174108e+01,3.358023e-01,1.357874e+02
1040,0,0,600,300,1.280373e+02,4.308464e+02,3.122947e+01,3.358024e-01,1.358123e+02
1041,0,0,600,300,1.424804e+02,4.295445e+02,3.443621e+01,3.358017e-01,1.356492e+02
1042,0,0,600,300,1.341867e+02,4.302849e+02,3.259015e+01,3.358021e-01,1.357436e+02
1043,0,0,600,300,1.303441e+02,4.306368e+02,3.174108e+01,3.358023e-01,1.357874e+02
1044,0,0,600,300,1.280373e+02,4.308464e+02,3.122947e+01,3.358024e-01,1.358123e+02
1045,0,0,600,300,1.424804e+02,4.295445e+02,3.443621e+01,3.358017e-01,1.356492e+02
1046,0,0,600,300,1.341867e+02,4.302849e+02,3.259015e+01,3.358021e-01,1.357436e+02
1047,0,0,600,300,1.303441e+02,4.306368e+02,3.174108e+01,3.358023e-01,1.357874e+02
1048,0,0,600,300,1.280373e+02,4.308464e+02,3.122947e+01,3.358024e-01,1.358123e+02
1049,0,0,600,300,1.424804e+02,4.295445e+02,3.443621e+01,3.358017e-01,1.356492e+02
1050,0,0,600,300,1.341867e+02,4.302849e+02,3.259015e+01,3.358021e-01,1.357436e+02
1051,0,0,600,300,1.303441e+02,4.306368e+02,3.174108e+01,3.358023e-01,1.357874e+02
1052,0,0,600,300,1.280373e+02,4.308464e+02,3.122947e+01,3.358024e-01,1.358123e+02
1053,0,0,600,300,1.424804e+02,4.295445e+02,3.443621e+01,3.358017e-01,1.356492e+02
1054,0,0,600,300,1.341867e+02,4.302849e+02,3.259015e+01,3.358021e-01,1.357436e+02
1055,0,0,600,300,1.303441e+02,4.306368e+02,3.174108e+01,3.358023e-01,1.357874e+02
1056,0,0,600,300,1.280373e+02,4.308464e+02,3.122947e+01,3.358024e-01,1.358123e+02
1057,0,0,600,300,1.424804e+02,4.295445e+02,3.443621e+01,3.358017e-01,1.356492e+02
1058,0,0,600,300,1.341867e+02,4.302849e+02,3.259015e+01,3.358021e-01,1.357436e+02
1059,0,0,600,300,1.303441e+02,4.306368e+02,3.174108e+01,3.358023e-01,1.357874e+02
1060,0,0,600,300,1.280373e+02,4.308464e+02,3.122947e+01,3.358024e-01,1.358123e+02
1061,0,0,600,300,1.424804e+02,4.295445e+02,3.443621e+01,3.358017e-01,1.356492e+02
1062,0,0,600,300,1.341867e+02,4.302849e+02,3.259015e+01,3.358021e-01,1.357436e+02
1063,0,0,600,300,1.303441e+02,4.306368e+02,3.174108e+01,3.358023e-01,1.357874e+02
1064,0,0,600,300,1.280373e+02,4.308464e+02,3.122947e+01,3.358024e-01,1.358123e+02
1065,0,0,600,300,1.444636e+02,4.325284e+02,3.549572e+01,3.245762e-01,1.367193e+02
1066,0,0,600,300,1.360948e+02,4.335202e+02,3.359803e+01,3.245765e-01,1.368967e+02
1067,0,0,600,300,1.322105e+02,4.339959e+02,3.272207e+01,3.245767e-01,1.369803e+02
1068,0,0,600,300,1.298758e+02,4.342807e+02,3.219305e+01,3.245768e-01,1.370292e+02
1069,0,0,600,300,1.444636e+02,4.325284e+02,3.549572e+01,3.245762e-01,1.367193e+02
1070,0,0,600,300,1.360948e+02,4.335202e+02,3.359803e+01,3.245765e-01,1.368967e+02
1071,0,0,600,300,1.322105e+02,4.339959e+02,3.272207e+01,3.245767e-01,1.369803e+02
1072,0,0,600,300,1.298758e+02,4.342807e+02,3.219305e+01,3.245768e-01,1.370292e+02
1073,0,0,600,300,1.444636e+02,4.325284e+02,3.549572e+01,3.245762e-01,1.367193e+02
1074,0,0,600,300,1.360948e+02,4.335202e+02,3.359803e+01,3.245765e-01,1.368967e+02
1075,0,0,600,300,1.322105e+02,4.339959e+02,3.272207e+01,3.245767e-01,1.369803e+02
1076,0,0,600,300,1.298758e+02,4.342807e+02,3.219305e+01,3.245768e-01,1.370292e+02
1077,0,0,600,300,1.444636e+02,4.325284e+02,3.549572e+01,3.245762e-01,1.367193e+02
1078,0,0,600,300,1.360948e+02,4.335202e+02,3.359803e+01,3.245765e-01,1.368967e+02
1079,0,0,600,300,1.322105e+02,4.339959e+02,3.272207e+01,3.245767e-01,1.369803e+02
1080,0,0,600,300,1.298758e+02,4.342807e+02,3.219305e+01,3.245768e-01,1.370292e+02
1081,0,0,600,300,1.444636e+02,4.325284e+02,3.549572e+01,3.245762e-01,1.367193e+02
1082,0,0,600,300,1.360948e+02,4.335202e+02,3.359803e+01,3.245765e-01,1.368967e+02
1083,0,0,600,300,1.322105e+02,4.339959e+02,3.272207e+01,3.245767e-01,1.369803e+02
1084,0,0,600,300,1.298758e+02,4.342807e+02,3.219305e+01,3.245768e-01,1.370292e+02
1085,0,0,600,300,1.444636e+02,4.325284e+02,3.549572e+01,3.245762e-01,1.367193e+02
1086,0,0,600,300,1.360948e+02,4.335202e+02,3.359803e+01,3.245765e-01,1.368967e+02
1087,0,0,600,300,1.322105e+02,4.339959e+02,3.272207e+01,3.245767e-01,1.369803e+02
1088,0,0,600,300,1.298758e+02,4.342807e+02,3.219305e+01,3.245768e-01,1.370292e+02
1089,0,0,600,300,1.444636e+02,4.325284e+02,3.549572e+01,3.245762e-01,1.367193e+02
1090,0,0,600,300,1.360948e+02,4.335202e+02,3.359803e+01,3.245765e-01,1.368967e+02
1091,0,0,600,300,1.322105e+02,4.339959e+02,3.272207e+01,3.245767e-01,1.369803e+02
1092,0,0,600,300,1.298758e+02,4.342807e+02,3.219305e+01,3.245768e-01,1.370292e+02
1093,0,0,600,300,1.449693e+02,4.355051e+02,3.602032e+01,3.241778e-01,1.374533e+02
1094,0,0,600,300,1.365817e+02,4.367039e+02,3.409691e+01,3.241782e-01,1.376872e+02
1095,0,0,600,300,1.326872e+02,4.372841e+02,3.320828e+01,3.241783e-01,1.377991e+02
1096,0,0,600,300,1.303460e+02,4.376330e+02,3.267148e+01,3.241784e-01,1.378652e+02
1097,0,0,600,300,1.449693e+02,4.355051e+02,3.602032e+01,3.241778e-01,1.374533e+02
1098,0,0,600,300,1.365817e+02,4.367039e+02,3.409691e+01,3.241782e-01,1.376872e+02
1099,0,0,600,300,1.326872e+02,4.372841e+02,3.320828e+01,3.241783e-01,1.377991e+02
1100,0,0,600,300,1.303460e+02,4.376330e+02,3.267148e+01,3.241784e-01,1.378652e+02
1101,0,0,600,300,1.449693e+02,4.355051e+02,3.602032e+01,3.241778e-01,1.374533e+02
1102,0,0,600,300,1.365817e+02,4.367039e+02,3.409691e+01,3.241782e-01,1.376872e+02
1103,0,0,600,300,1.326872e+02,4.372841e+02,3.320828e+01,3.241783e-01,1.377991e+02
1104,0,0,600,300,1.303460e+02,4.376330e+02,3.267148e+01,3.241784e-01,1.378652e+02
1105,0,0,600,300,1.449693e+02,4.355051e+02,3.602032e+01,3.241778e-01,1.374533e+02
1106,0,0,600,300,1.365817e+02,4.367039e+02,3.409691e+01,3.241782e-01,1.376872e+02
1107,0,0,600,300,1.326872e+02,4.372841e+02,3.320828e+01,3.241783e-01,1.377991e+02
1108,0,0,600,300,1.303460e+02,4.376330e+02,3.267148e+01,3.241784e-01,1.378652e+02
1109,0,0,600,300,1.449693e+02,4.355051e+02,3.602032e+01,3.241778e-01,1.374533e+02
1110,0,0,600,300,1.365817e+02,4.367039e+02,3.409691e+01,3.241782e-01,1.376872e+02
1111,0,0,600,300,1.326872e+02,4.372841e+02,3.320828e+01,3.241783e-01,1.377991e+02
1112,0,0,600,300,1.303460e+02,4.376330e+02,3.267148e+01,3.241784e-01,1.378652e+02
1113,0,0,600,300,1.449693e+02,4.355051e+02,3.602032e+01,3.241778e-01,1.374533e+02
1114,0,0,600,300,1.365817e+02,4.367039e+02,3.409691e+01,3.241782e-01,1.376872e+02
1115,0,0,600,300,1.326872e+02,4.372841e+02,3.320828e+01,3.241783e-01,1.377991e+02
1116,0,0,600,300,1.303460e+02,4.376330e+02,3.267148e+01,3.241784e-01,1.378652e+02
1117,0,0,600,300,1.449693e+02,4.355051e+02,3.602032e+01,3.241778e-01,1.374533e+02
1118,0,0,600,300,1.365817e+02,4.367039e+02,3.409691e+01,3.241782e-01,1.376872e+02
1119,0,0,600,300,1.326872e+02,4.372841e+02,3.320828e+01,3.241783e-01,1.377991e+02
1120,0,0,600,300,1.303460e+02,4.376330e+02,3.267148e+01,3.241784e-01,1.378652e+02
